Source ID,Separation,Gaia RA,Gaia DEC,LOFAR RA,LOFAR DEC
5853498713160606720,120.76239964292589,20.89499999999958,-62.6762,154.1355299999997,13.377729
76868614540049408,61.39586794222986,90.88199999999996,13.0443,154.1355299999997,13.377729
625453654702751872,11.058107297405558,163.48499999999956,19.8698,154.1355299999997,13.377729
5918660719981686144,114.43171939576997,39.50999999999936,-57.3249,154.1355299999997,13.377729
4109030160308317312,130.07543652266145,282.52499999999924,-26.6077,154.1355299999997,13.377729
6324325225803432320,117.43531857206384,38.51999999999932,-12.517000000000001,154.1355299999997,13.377729
1237090738916392704,49.52987067846383,102.71999999999933,19.1003,154.1355299999997,13.377729
1784473016438653056,4.675801045361097,156.11999999999935,17.6449,154.1355299999997,13.377729
5153091836072107136,167.78890519060894,321.9374999999999,-16.5945,154.1355299999997,13.377729
3828238392559860992,24.77760029149123,136.09499999999923,-3.7467099999999998,154.1355299999997,13.377729
5853498713160606720,137.36970184095023,20.89499999999958,-62.6762,280.4013749999998,50.161719
76868614540049408,116.24368621865264,90.88199999999996,13.0443,280.4013749999998,50.161719
625453654702751872,90.67363444799517,163.48499999999956,19.8698,280.4013749999998,50.161719
5918660719981686144,144.54650053431877,39.50999999999936,-57.3249,280.4013749999998,50.161719
4109030160308317312,76.79257169861211,282.52499999999924,-26.6077,280.4013749999998,50.161719
6324325225803432320,117.46232450951797,38.51999999999932,-12.517000000000001,280.4013749999998,50.161719
1237090738916392704,110.70762065835063,102.71999999999933,19.1003,280.4013749999998,50.161719
1784473016438653056,96.3792837569423,156.11999999999935,17.6449,280.4013749999998,50.161719
5153091836072107136,76.09804377031752,321.9374999999999,-16.5945,280.4013749999998,50.161719
3828238392559860992,124.70456524829753,136.09499999999923,-3.7467099999999998,280.4013749999998,50.161719
5853498713160606720,92.71250531559832,20.89499999999958,-62.6762,68.1099449999997,22.219273
76868614540049408,23.521809734660547,90.88199999999996,13.0443,68.1099449999997,22.219273
625453654702751872,87.30773769696994,163.48499999999956,19.8698,68.1099449999997,22.219273
5918660719981686144,83.07930979459177,39.50999999999936,-57.3249,68.1099449999997,22.219273
4109030160308317312,148.45083257102038,282.52499999999924,-26.6077,68.1099449999997,22.219273
6324325225803432320,45.25771156352298,38.51999999999932,-12.517000000000001,68.1099449999997,22.219273
1237090738916392704,32.46548190567695,102.71999999999933,19.1003,68.1099449999997,22.219273
1784473016438653056,81.64780633200391,156.11999999999935,17.6449,68.1099449999997,22.219273
5153091836072107136,110.79995359044773,321.9374999999999,-16.5945,68.1099449999997,22.219273
3828238392559860992,71.24263886936643,136.09499999999923,-3.7467099999999998,68.1099449999997,22.219273
5853498713160606720,130.5163502746702,20.89499999999958,-62.6762,278.40865499999967,40.239341
76868614540049408,126.25974032574966,90.88199999999996,13.0443,278.40865499999967,40.239341
625453654702751872,94.75959254387816,163.48499999999956,19.8698,278.40865499999967,40.239341
5918660719981686144,139.16814613529374,39.50999999999936,-57.3249,278.40865499999967,40.239341
4109030160308317312,66.95670976996978,282.52499999999924,-26.6077,278.40865499999967,40.239341
6324325225803432320,120.92136792069542,38.51999999999932,-12.517000000000001,278.40865499999967,40.239341
1237090738916392704,120.5244982777353,102.71999999999933,19.1003,278.40865499999967,40.239341
1784473016438653056,101.11502514143194,156.11999999999935,17.6449,278.40865499999967,40.239341
5153091836072107136,69.76261623567763,321.9374999999999,-16.5945,278.40865499999967,40.239341
3828238392559860992,130.1667932291297,136.09499999999923,-3.7467099999999998,278.40865499999967,40.239341
5853498713160606720,64.17834834428295,20.89499999999958,-62.6762,358.0682549999998,-0.809017
76868614540049408,92.92362502963583,90.88199999999996,13.0443,358.0682549999998,-0.809017
625453654702751872,156.18818768987455,163.48499999999956,19.8698,358.0682549999998,-0.809017
5918660719981686144,65.38301142855215,39.50999999999936,-57.3249,358.0682549999998,-0.809017
4109030160308317312,76.73169725433694,282.52499999999924,-26.6077,358.0682549999998,-0.809017
6324325225803432320,41.76764998586234,38.51999999999932,-12.517000000000001,358.0682549999998,-0.809017
1237090738916392704,104.0999633137525,102.71999999999933,19.1003,358.0682549999998,-0.809017
1784473016438653056,152.63256752892656,156.11999999999935,17.6449,358.0682549999998,-0.809017
5153091836072107136,38.92316238580301,321.9374999999999,-16.5945,358.0682549999998,-0.809017
3828238392559860992,137.80570463366155,136.09499999999923,-3.7467099999999998,358.0682549999998,-0.809017
5853498713160606720,116.89544815762706,20.89499999999958,-62.6762,119.75119499999975,25.954257
76868614540049408,30.01848922591305,90.88199999999996,13.0443,119.75119499999975,25.954257
625453654702751872,40.55707084076031,163.48499999999956,19.8698,119.75119499999975,25.954257
5918660719981686144,106.6253794448242,39.50999999999936,-57.3249,119.75119499999975,25.954257
4109030160308317312,164.5522214041855,282.52499999999924,-26.6077,119.75119499999975,25.954257
6324325225803432320,87.76706697380607,38.51999999999932,-12.517000000000001,119.75119499999975,25.954257
1237090738916392704,17.138966237929264,102.71999999999933,19.1003,119.75119499999975,25.954257
1784473016438653056,34.653707399094856,156.11999999999935,17.6449,119.75119499999975,25.954257
5153091836072107136,157.35193817817958,321.9374999999999,-16.5945,119.75119499999975,25.954257
3828238392559860992,33.65736140278828,136.09499999999923,-3.7467099999999998,119.75119499999975,25.954257
5853498713160606720,84.74945262345268,20.89499999999958,-62.6762,49.04347499999978,19.113474
76868614540049408,40.56264718087755,90.88199999999996,13.0443,49.04347499999978,19.113474
625453654702751872,104.85585627958142,163.48499999999956,19.8698,49.04347499999978,19.113474
5918660719981686144,76.85325066690817,39.50999999999936,-57.3249,49.04347499999978,19.113474
4109030160308317312,130.49498401990883,282.52499999999924,-26.6077,49.04347499999978,19.113474
6324325225803432320,33.286858446457806,38.51999999999932,-12.517000000000001,49.04347499999978,19.113474
1237090738916392704,50.504170735091925,102.71999999999933,19.1003,49.04347499999978,19.113474
1784473016438653056,99.50619596621017,156.11999999999935,17.6449,49.04347499999978,19.113474
5153091836072107136,92.73962160040634,321.9374999999999,-16.5945,49.04347499999978,19.113474
3828238392559860992,88.44700879738532,136.09499999999923,-3.7467099999999998,49.04347499999978,19.113474
5853498713160606720,100.99413736392106,20.89499999999958,-62.6762,301.11739499999936,17.581834
76868614540049408,137.23752407334715,90.88199999999996,13.0443,301.11739499999936,17.581834
625453654702751872,124.03676324328194,163.48499999999956,19.8698,301.11739499999936,17.581834
5918660719981686144,109.23119414948721,39.50999999999936,-57.3249,301.11739499999936,17.581834
4109030160308317312,47.73538609474267,282.52499999999924,-26.6077,301.11739499999936,17.581834
6324325225803432320,100.68268874952832,38.51999999999932,-12.517000000000001,301.11739499999936,17.581834
1237090738916392704,139.10600786882316,102.71999999999933,19.1003,301.11739499999936,17.581834
1784473016438653056,130.7351263020907,156.11999999999935,17.6449,301.11739499999936,17.581834
5153091836072107136,39.856074898291475,321.9374999999999,-16.5945,301.11739499999936,17.581834
3828238392559860992,159.82955390124124,136.09499999999923,-3.7467099999999998,301.11739499999936,17.581834
5853498713160606720,108.48770651600265,20.89499999999958,-62.6762,355.2801149999997,43.857071
76868614540049408,84.96234331280138,90.88199999999996,13.0443,355.2801149999997,43.857071
625453654702751872,115.3617248329731,163.48499999999956,19.8698,355.2801149999997,43.857071
5918660719981686144,107.71427796487457,39.50999999999936,-57.3249,355.2801149999997,43.857071
4109030160308317312,96.84544961520258,282.52499999999924,-26.6077,355.2801149999997,43.857071
6324325225803432320,68.73726147688343,38.51999999999932,-12.517000000000001,355.2801149999997,43.857071
1237090738916392704,88.7102111528907,102.71999999999933,19.1003,355.2801149999997,43.857071
1784473016438653056,116.04418201577897,156.11999999999935,17.6449,355.2801149999997,43.857071
5153091836072107136,67.70264943708416,321.9374999999999,-16.5945,355.2801149999997,43.857071
3828238392559860992,127.08427057001778,136.09499999999923,-3.7467099999999998,355.2801149999997,43.857071
5853498713160606720,167.5765541203646,20.89499999999958,-62.6762,176.37485999999979,58.978585
76868614540049408,76.53351876204387,90.88199999999996,13.0443,176.37485999999979,58.978585
625453654702751872,40.20531484182759,163.48499999999956,19.8698,176.37485999999979,58.978585
5918660719981686144,157.5765857302663,39.50999999999936,-57.3249,176.37485999999979,58.978585
4109030160308317312,120.79642774958579,282.52499999999924,-26.6077,176.37485999999979,58.978585
6324325225803432320,123.97012605231367,38.51999999999932,-12.517000000000001,176.37485999999979,58.978585
1237090738916392704,65.32498794049873,102.71999999999933,19.1003,176.37485999999979,58.978585
1784473016438653056,43.90368219953139,156.11999999999935,17.6449,176.37485999999979,58.978585
5153091836072107136,130.69900463607158,321.9374999999999,-16.5945,176.37485999999979,58.978585
3828238392559860992,70.34689125089425,136.09499999999923,-3.7467099999999998,176.37485999999979,58.978585
5853498713160606720,171.0454298996846,20.89499999999958,-62.6762,215.42836499999976,57.379418
76868614540049408,96.18299434736791,90.88199999999996,13.0443,215.42836499999976,57.379418
625453654702751872,53.2164572100024,163.48499999999956,19.8698,215.42836499999976,57.379418
5918660719981686144,177.7977198307541,39.50999999999936,-57.3249,215.42836499999976,57.379418
4109030160308317312,100.93255231544391,282.52499999999924,-26.6077,215.42836499999976,57.379418
6324325225803432320,135.07540311094763,38.51999999999932,-12.517000000000001,215.42836499999976,57.379418
1237090738916392704,85.47128177737153,102.71999999999933,19.1003,215.42836499999976,57.379418
1784473016438653056,58.83461120118322,156.11999999999935,17.6449,215.42836499999976,57.379418
5153091836072107136,112.7899149700471,321.9374999999999,-16.5945,215.42836499999976,57.379418
3828238392559860992,87.44788448978522,136.09499999999923,-3.7467099999999998,215.42836499999976,57.379418
5853498713160606720,77.00727776348273,20.89499999999958,-62.6762,347.81650499999967,9.980428
76868614540049408,100.2405550276041,90.88199999999996,13.0443,347.81650499999967,9.980428
625453654702751872,149.84662980871857,163.48499999999956,19.8698,347.81650499999967,9.980428
5918660719981686144,79.41451286984854,39.50999999999936,-57.3249,347.81650499999967,9.980428
4109030160308317312,73.11483413998226,282.52499999999924,-26.6077,347.81650499999967,9.980428
6324325225803432320,55.15472433199346,38.51999999999932,-12.517000000000001,347.81650499999967,9.980428
1237090738916392704,109.5832271852759,102.71999999999933,19.1003,347.81650499999967,9.980428
1784473016438653056,150.0556039625972,156.11999999999935,17.6449,347.81650499999967,9.980428
5153091836072107136,36.89863330358827,321.9374999999999,-16.5945,347.81650499999967,9.980428
3828238392559860992,147.91663523117,136.09499999999923,-3.7467099999999998,347.81650499999967,9.980428
5853498713160606720,60.650163652904,20.89499999999958,-62.6762,32.31046499999983,-2.624059
76868614540049408,60.19085130559173,90.88199999999996,13.0443,32.31046499999983,-2.624059
625453654702751872,129.3512566824708,163.48499999999956,19.8698,32.31046499999983,-2.624059
5918660719981686144,54.99880051825842,39.50999999999936,-57.3249,32.31046499999983,-2.624059
4109030160308317312,106.36932266412327,282.52499999999924,-26.6077,32.31046499999983,-2.624059
6324325225803432320,11.647295767187481,38.51999999999932,-12.517000000000001,32.31046499999983,-2.624059
1237090738916392704,72.45092406902388,102.71999999999933,19.1003,32.31046499999983,-2.624059
1784473016438653056,122.92747504250858,156.11999999999935,17.6449,32.31046499999983,-2.624059
5153091836072107136,70.44912489881033,321.9374999999999,-16.5945,32.31046499999983,-2.624059
3828238392559860992,103.56339259004683,136.09499999999923,-3.7467099999999998,32.31046499999983,-2.624059
5853498713160606720,155.81818510111296,20.89499999999958,-62.6762,243.33161999999984,52.751548
76868614540049408,110.06738156771674,90.88199999999996,13.0443,243.33161999999984,52.751548
625453654702751872,68.2287757728079,163.48499999999956,19.8698,243.33161999999984,52.751548
5918660719981686144,165.69114772591547,39.50999999999936,-57.3249,243.33161999999984,52.751548
4109030160308317312,86.39391402612428,282.52499999999924,-26.6077,243.33161999999984,52.751548
6324325225803432320,135.14251362372232,38.51999999999932,-12.517000000000001,243.33161999999984,52.751548
1237090738916392704,100.46084869725972,102.71999999999933,19.1003,243.33161999999984,52.751548
1784473016438653056,74.37464341207007,156.11999999999935,17.6449,243.33161999999984,52.751548
5153091836072107136,96.47355551229356,321.9374999999999,-16.5945,243.33161999999984,52.751548
3828238392559860992,103.35516432014435,136.09499999999923,-3.7467099999999998,243.33161999999984,52.751548
5853498713160606720,118.69883586005174,20.89499999999958,-62.6762,293.95204499999966,34.282886
76868614540049408,127.83840656288253,90.88199999999996,13.0443,293.95204499999966,34.282886
625453654702751872,108.23296947947684,163.48499999999956,19.8698,293.95204499999966,34.282886
5918660719981686144,126.42587370984465,39.50999999999936,-57.3249,293.95204499999966,34.282886
4109030160308317312,61.84651933519074,282.52499999999924,-26.6077,293.95204499999966,34.282886
6324325225803432320,108.96367409695779,38.51999999999932,-12.517000000000001,293.95204499999966,34.282886
1237090738916392704,125.55651567748949,102.71999999999933,19.1003,293.95204499999966,34.282886
1784473016438653056,114.38469193334645,156.11999999999935,17.6449,293.95204499999966,34.282886
5153091836072107136,57.42601914560952,321.9374999999999,-16.5945,293.95204499999966,34.282886
3828238392559860992,143.17773925952753,136.09499999999923,-3.7467099999999998,293.95204499999966,34.282886
5853498713160606720,122.83473351334462,20.89499999999958,-62.6762,208.13263499999945,5.75942
76868614540049408,114.90828216248596,90.88199999999996,13.0443,208.13263499999945,5.75942
625453654702751872,45.58756227311136,163.48499999999956,19.8698,208.13263499999945,5.75942
5918660719981686144,127.66650667311099,39.50999999999936,-57.3249,208.13263499999945,5.75942
4109030160308317312,78.79063792111508,282.52499999999924,-26.6077,208.13263499999945,5.75942
6324325225803432320,167.7239263332708,38.51999999999932,-12.517000000000001,208.13263499999945,5.75942
1237090738916392704,102.53478640255828,102.71999999999933,19.1003,208.13263499999945,5.75942
1784473016438653056,52.12153508433267,156.11999999999935,17.6449,208.13263499999945,5.75942
5153091836072107136,114.42611912091868,321.9374999999999,-16.5945,208.13263499999945,5.75942
3828238392559860992,72.56509299866985,136.09499999999923,-3.7467099999999998,208.13263499999945,5.75942
5853498713160606720,128.26266034142586,20.89499999999958,-62.6762,99.32438999999944,49.810381
76868614540049408,37.4133007789249,90.88199999999996,13.0443,99.32438999999944,49.810381
625453654702751872,58.388300728704316,163.48499999999956,19.8698,99.32438999999944,49.810381
5918660719981686144,117.8946997058289,39.50999999999936,-57.3249,99.32438999999944,49.810381
4109030160308317312,156.66678429245007,282.52499999999924,-26.6077,99.32438999999944,49.810381
6324325225803432320,81.851572872584,38.51999999999932,-12.517000000000001,99.32438999999944,49.810381
1237090738916392704,30.829979324936353,102.71999999999933,19.1003,99.32438999999944,49.810381
1784473016438653056,55.366612342698495,156.11999999999935,17.6449,99.32438999999944,49.810381
5153091836072107136,132.32290490350238,321.9374999999999,-16.5945,99.32438999999944,49.810381
3828238392559860992,62.23136986661941,136.09499999999923,-3.7467099999999998,99.32438999999944,49.810381
5853498713160606720,107.70665219460942,20.89499999999958,-62.6762,95.51063999999967,27.630971
76868614540049408,15.213879308946005,90.88199999999996,13.0443,95.51063999999967,27.630971
625453654702751872,61.95912975877333,163.48499999999956,19.8698,95.51063999999967,27.630971
5918660719981686144,97.06071321825362,39.50999999999936,-57.3249,95.51063999999967,27.630971
4109030160308317312,173.67445011638006,282.52499999999924,-26.6077,95.51063999999967,27.630971
6324325225803432320,68.24362994283575,38.51999999999932,-12.517000000000001,95.51063999999967,27.630971
1237090738916392704,10.790581287971307,102.71999999999933,19.1003,95.51063999999967,27.630971
1784473016438653056,56.29520242657542,156.11999999999935,17.6449,95.51063999999967,27.630971
5153091836072107136,135.8639044898912,321.9374999999999,-16.5945,95.51063999999967,27.630971
3828238392559860992,50.12668723030931,136.09499999999923,-3.7467099999999998,95.51063999999967,27.630971
5853498713160606720,88.01717532793415,20.89499999999958,-62.6762,112.91795999999968,-3.276445
76868614540049408,27.29546540056436,90.88199999999996,13.0443,112.91795999999968,-3.276445
625453654702751872,54.763041928787274,163.48499999999956,19.8698,112.91795999999968,-3.276445
5918660719981686144,78.34484614813506,39.50999999999936,-57.3249,112.91795999999968,-3.276445
4109030160308317312,148.47255760553682,282.52499999999924,-26.6077,112.91795999999968,-3.276445
6324325225803432320,74.06663533700558,38.51999999999932,-12.517000000000001,112.91795999999968,-3.276445
1237090738916392704,24.522732309910257,102.71999999999933,19.1003,112.91795999999968,-3.276445
1784473016438653056,47.45335304453255,156.11999999999935,17.6449,112.91795999999968,-3.276445
5153091836072107136,145.11890174901987,321.9374999999999,-16.5945,112.91795999999968,-3.276445
3828238392559860992,23.137635878169593,136.09499999999923,-3.7467099999999998,112.91795999999968,-3.276445
5853498713160606720,162.0361786105636,20.89499999999958,-62.6762,207.30328499999968,45.092413
76868614540049408,98.40513735263166,90.88199999999996,13.0443,207.30328499999968,45.092413
625453654702751872,43.963806798308084,163.48499999999956,19.8698,207.30328499999968,45.092413
5918660719981686144,165.6220809887872,39.50999999999936,-57.3249,207.30328499999968,45.092413
4109030160308317312,98.98656889575066,282.52499999999924,-26.6077,207.30328499999968,45.092413
6324325225803432320,146.0493594900317,38.51999999999932,-12.517000000000001,207.30328499999968,45.092413
1237090738916392704,86.34277619183183,102.71999999999933,19.1003,207.30328499999968,45.092413
1784473016438653056,50.47734159309547,156.11999999999935,17.6449,207.30328499999968,45.092413
5153091836072107136,118.96528548347129,321.9374999999999,-16.5945,207.30328499999968,45.092413
3828238392559860992,79.59268135971817,136.09499999999923,-3.7467099999999998,207.30328499999968,45.092413
5853498713160606720,87.53575427634489,20.89499999999958,-62.6762,35.48657999999988,24.084163
76868614540049408,53.330546011766096,90.88199999999996,13.0443,35.48657999999988,24.084163
625453654702751872,112.94748074434118,163.48499999999956,19.8698,35.48657999999988,24.084163
5918660719981686144,81.47944444925298,39.50999999999936,-57.3249,35.48657999999988,24.084163
4109030160308317312,120.07970137472209,282.52499999999924,-26.6077,35.48657999999988,24.084163
6324325225803432320,36.720996101252624,38.51999999999932,-12.517000000000001,35.48657999999988,24.084163
1237090738916392704,62.13608639862984,102.71999999999933,19.1003,35.48657999999988,24.084163
1784473016438653056,108.63906132334,156.11999999999935,17.6449,35.48657999999988,24.084163
5153091836072107136,82.45948896011285,321.9374999999999,-16.5945,35.48657999999988,24.084163
3828238392559860992,101.20831402855718,136.09499999999923,-3.7467099999999998,35.48657999999988,24.084163
5853498713160606720,114.99403123229612,20.89499999999958,-62.6762,291.36688499999974,28.641075
76868614540049408,133.84756365438594,90.88199999999996,13.0443,291.36688499999974,28.641075
625453654702751872,110.11504348004756,163.48499999999956,19.8698,291.36688499999974,28.641075
5918660719981686144,123.43622907470098,39.50999999999936,-57.3249,291.36688499999974,28.641075
4109030160308317312,55.89652153843064,282.52499999999924,-26.6077,291.36688499999974,28.641075
6324325225803432320,110.88968000017312,38.51999999999932,-12.517000000000001,291.36688499999974,28.641075
1237090738916392704,131.53304407363598,102.71999999999933,19.1003,291.36688499999974,28.641075
1784473016438653056,116.65652472661924,156.11999999999935,17.6449,291.36688499999974,28.641075
5153091836072107136,54.03541553717821,321.9374999999999,-16.5945,291.36688499999974,28.641075
3828238392559860992,145.76942664662192,136.09499999999923,-3.7467099999999998,291.36688499999974,28.641075
5853498713160606720,88.74740451644385,20.89499999999958,-62.6762,293.2325699999998,-0.202394
76868614540049408,154.3957544104354,90.88199999999996,13.0443,293.2325699999998,-0.202394
625453654702751872,127.05186681950704,163.48499999999956,19.8698,293.2325699999998,-0.202394
5918660719981686144,98.53110609307798,39.50999999999936,-57.3249,293.2325699999998,-0.202394
4109030160308317312,28.345216299242786,282.52499999999924,-26.6077,293.2325699999998,-0.202394
6324325225803432320,104.87004190481525,38.51999999999932,-12.517000000000001,293.2325699999998,-0.202394
1237090738916392704,158.47167445971655,102.71999999999933,19.1003,293.2325699999998,-0.202394
1784473016438653056,134.36990362206691,156.11999999999935,17.6449,293.2325699999998,-0.202394
5153091836072107136,32.69297394384273,321.9374999999999,-16.5945,293.2325699999998,-0.202394
3828238392559860992,156.8144092052573,136.09499999999923,-3.7467099999999998,293.2325699999998,-0.202394
5853498713160606720,101.12579073487122,20.89499999999958,-62.6762,160.89728999999946,-9.94251
76868614540049408,73.20311332797274,90.88199999999996,13.0443,160.89728999999946,-9.94251
625453654702751872,29.92099310786337,163.48499999999956,19.8698,160.89728999999946,-9.94251
5918660719981686144,97.56315933710894,39.50999999999936,-57.3249,160.89728999999946,-9.94251
4109030160308317312,112.61199111365849,282.52499999999924,-26.6077,160.89728999999946,-9.94251
6324325225803432320,118.52177877436776,38.51999999999932,-12.517000000000001,160.89728999999946,-9.94251
1237090738916392704,64.26037010251257,102.71999999999933,19.1003,160.89728999999946,-9.94251
1784473016438653056,27.988174313507944,156.11999999999935,17.6449,160.89728999999946,-9.94251
5153091836072107136,147.50446246655966,321.9374999999999,-16.5945,160.89728999999946,-9.94251
3828238392559860992,25.37811413275521,136.09499999999923,-3.7467099999999998,160.89728999999946,-9.94251
5853498713160606720,142.99252740340467,20.89499999999958,-62.6762,217.07723999999962,27.236564
76868614540049408,114.09284635922214,90.88199999999996,13.0443,217.07723999999962,27.236564
625453654702751872,49.31826127720066,163.48499999999956,19.8698,217.07723999999962,27.236564
5918660719981686144,149.86225734931506,39.50999999999936,-57.3249,217.07723999999962,27.236564
4109030160308317312,82.79929221856676,282.52499999999924,-26.6077,217.07723999999962,27.236564
6324325225803432320,165.21851310110827,38.51999999999932,-12.517000000000001,217.07723999999962,27.236564
1237090738916392704,101.34700694042121,102.71999999999933,19.1003,217.07723999999962,27.236564
1784473016438653056,56.62918646636906,156.11999999999935,17.6449,217.07723999999962,27.236564
5153091836072107136,110.44067273501713,321.9374999999999,-16.5945,217.07723999999962,27.236564
3828238392559860992,83.73324698572743,136.09499999999923,-3.7467099999999998,217.07723999999962,27.236564
5853498713160606720,91.37948316823032,20.89499999999958,-62.6762,333.14362499999976,20.622919
76868614540049408,110.17398595011055,90.88199999999996,13.0443,333.14362499999976,20.622919
625453654702751872,138.26143080944593,163.48499999999956,19.8698,333.14362499999976,20.622919
5918660719981686144,95.38897465062782,39.50999999999936,-57.3249,333.14362499999976,20.622919
4109030160308317312,68.08803073627145,282.52499999999924,-26.6077,333.14362499999976,20.622919
6324325225803432320,72.2808329090897,38.51999999999932,-12.517000000000001,333.14362499999976,20.622919
1237090738916392704,116.62823321840112,102.71999999999933,19.1003,333.14362499999976,20.622919
1784473016438653056,141.6210146147295,156.11999999999935,17.6449,333.14362499999976,20.622919
5153091836072107136,38.80846290863758,321.9374999999999,-16.5945,333.14362499999976,20.622919
3828238392559860992,156.33306020255355,136.09499999999923,-3.7467099999999998,333.14362499999976,20.622919
5853498713160606720,108.29150396686971,20.89499999999958,-62.6762,82.52519999999946,33.857852
76868614540049408,22.157299654123953,90.88199999999996,13.0443,82.52519999999946,33.857852
625453654702751872,71.81566524890059,163.48499999999956,19.8698,82.52519999999946,33.857852
5918660719981686144,98.11515729553574,39.50999999999936,-57.3249,82.52519999999946,33.857852
4109030160308317312,161.3032993615602,282.52499999999924,-26.6077,82.52519999999946,33.857852
6324325225803432320,62.46054628937797,38.51999999999932,-12.517000000000001,82.52519999999946,33.857852
1237090738916392704,23.252772019883167,102.71999999999933,19.1003,82.52519999999946,33.857852
1784473016438653056,66.89747438606118,156.11999999999935,17.6449,82.52519999999946,33.857852
5153091836072107136,124.33854025466195,321.9374999999999,-16.5945,82.52519999999946,33.857852
3828238392559860992,62.89129611136302,136.09499999999923,-3.7467099999999998,82.52519999999946,33.857852
5853498713160606720,125.02090469947859,20.89499999999958,-62.6762,46.89406499999982,60.772756
76868614540049408,57.370016264485656,90.88199999999996,13.0443,46.89406499999982,60.772756
625453654702751872,84.77515646569653,163.48499999999956,19.8698,46.89406499999982,60.772756
5918660719981686144,118.23973888677685,39.50999999999936,-57.3249,46.89406499999982,60.772756
4109030160308317312,129.59146359714066,282.52499999999924,-26.6077,46.89406499999982,60.772756
6324325225803432320,73.59353569035241,38.51999999999932,-12.517000000000001,46.89406499999982,60.772756
1237090738916392704,56.993571928933804,102.71999999999933,19.1003,46.89406499999982,60.772756
1784473016438653056,83.60942610196541,156.11999999999935,17.6449,46.89406499999982,60.772756
5153091836072107136,102.01104456871902,321.9374999999999,-16.5945,46.89406499999982,60.772756
3828238392559860992,92.87928158530859,136.09499999999923,-3.7467099999999998,46.89406499999982,60.772756
5853498713160606720,127.49249700677638,20.89499999999958,-62.6762,294.1777199999997,44.914237
76868614540049408,118.31313970492273,90.88199999999996,13.0443,294.1777199999997,44.914237
625453654702751872,101.20166232722038,163.48499999999956,19.8698,294.1777199999997,44.914237
5918660719981686144,134.05942132071894,39.50999999999936,-57.3249,294.1777199999997,44.914237
4109030160308317312,72.30849045939678,282.52499999999924,-26.6077,294.1777199999997,44.914237
6324325225803432320,108.92159280076739,38.51999999999932,-12.517000000000001,294.1777199999997,44.914237
1237090738916392704,115.13847410252173,102.71999999999933,19.1003,294.1777199999997,44.914237
1784473016438653056,106.73522796084232,156.11999999999935,17.6449,294.1777199999997,44.914237
5153091836072107136,66.48960576090357,321.9374999999999,-16.5945,294.1777199999997,44.914237
3828238392559860992,134.56468185821237,136.09499999999923,-3.7467099999999998,294.1777199999997,44.914237
5853498713160606720,139.6912190890127,20.89499999999958,-62.6762,302.66507999999976,64.622706
76868614540049408,98.6840382116236,90.88199999999996,13.0443,302.66507999999976,64.622706
625453654702751872,89.88186207775348,163.48499999999956,19.8698,302.66507999999976,64.622706
5918660719981686144,142.00808323085292,39.50999999999936,-57.3249,302.66507999999976,64.622706
4109030160308317312,92.57364977075514,282.52499999999924,-26.6077,302.66507999999976,64.622706
6324325225803432320,103.79779022940882,38.51999999999932,-12.517000000000001,302.66507999999976,64.622706
1237090738916392704,94.87857475917596,102.71999999999933,19.1003,302.66507999999976,64.622706
1784473016438653056,93.83482372661588,156.11999999999935,17.6449,302.66507999999976,64.622706
5153091836072107136,82.54936667180412,321.9374999999999,-16.5945,302.66507999999976,64.622706
3828238392559860992,118.35979886975238,136.09499999999923,-3.7467099999999998,302.66507999999976,64.622706
5853498713160606720,141.19660652552594,20.89499999999958,-62.6762,234.33167999999978,30.3342
76868614540049408,124.15760974086227,90.88199999999996,13.0443,234.33167999999978,30.3342
625453654702751872,64.02516606444169,163.48499999999956,19.8698,234.33167999999978,30.3342
5918660719981686144,151.1132268329937,39.50999999999936,-57.3249,234.33167999999978,30.3342
4109030160308317312,73.24836684747778,282.52499999999924,-26.6077,234.33167999999978,30.3342
6324325225803432320,156.94896215905956,38.51999999999932,-12.517000000000001,234.33167999999978,30.3342
1237090738916392704,112.10757028988547,102.71999999999933,19.1003,234.33167999999978,30.3342
1784473016438653056,71.26941848796514,156.11999999999935,17.6449,234.33167999999978,30.3342
5153091836072107136,96.29716166130362,321.9374999999999,-16.5945,234.33167999999978,30.3342
3828238392559860992,98.99726097463414,136.09499999999923,-3.7467099999999998,234.33167999999978,30.3342
5853498713160606720,69.58991046369823,20.89499999999958,-62.6762,57.25909499999957,1.341124
76868614540049408,35.28655205798591,90.88199999999996,13.0443,57.25909499999957,1.341124
625453654702751872,104.75956656567199,163.48499999999956,19.8698,57.25909499999957,1.341124
5918660719981686144,60.37408759573049,39.50999999999936,-57.3249,57.25909499999957,1.341124
4109030160308317312,129.76119965112034,282.52499999999924,-26.6077,57.25909499999957,1.341124
6324325225803432320,23.196821743324428,38.51999999999932,-12.517000000000001,57.25909499999957,1.341124
1237090738916392704,47.912939695373346,102.71999999999933,19.1003,57.25909499999957,1.341124
1784473016438653056,98.02786724343358,156.11999999999935,17.6449,57.25909499999957,1.341124
5153091836072107136,95.48257425218755,321.9374999999999,-16.5945,57.25909499999957,1.341124
3828238392559860992,78.95245954977077,136.09499999999923,-3.7467099999999998,57.25909499999957,1.341124
5853498713160606720,153.39117675518528,20.89499999999958,-62.6762,206.45209499999984,36.290681
76868614540049408,101.84851618733222,90.88199999999996,13.0443,206.45209499999984,36.290681
625453654702751872,40.89914571866637,163.48499999999956,19.8698,206.45209499999984,36.290681
5918660719981686144,157.23714180098534,39.50999999999936,-57.3249,206.45209499999984,36.290681
4109030160308317312,95.25783211217684,282.52499999999924,-26.6077,206.45209499999984,36.290681
6324325225803432320,153.8645990589406,38.51999999999932,-12.517000000000001,206.45209499999984,36.290681
1237090738916392704,89.262300355681,102.71999999999933,19.1003,206.45209499999984,36.290681
1784473016438653056,47.95467375426712,156.11999999999935,17.6449,206.45209499999984,36.290681
5153091836072107136,120.09343663153385,321.9374999999999,-16.5945,206.45209499999984,36.290681
3828238392559860992,76.603139651683,136.09499999999923,-3.7467099999999998,206.45209499999984,36.290681
5853498713160606720,136.30894154078584,20.89499999999958,-62.6762,163.21106999999967,26.641634
76868614540049408,68.55992167827564,90.88199999999996,13.0443,163.21106999999967,26.641634
625453654702751872,6.7765006233563945,163.48499999999956,19.8698,163.21106999999967,26.641634
5918660719981686144,130.18042073892255,39.50999999999936,-57.3249,163.21106999999967,26.641634
4109030160308317312,126.30621711852936,282.52499999999924,-26.6077,163.21106999999967,26.641634
6324325225803432320,126.42824624326865,38.51999999999932,-12.517000000000001,163.21106999999967,26.641634
1237090738916392704,55.75343597626834,102.71999999999933,19.1003,163.21106999999967,26.641634
1784473016438653056,11.132834182857541,156.11999999999935,17.6449,163.21106999999967,26.641634
5153091836072107136,157.8643984868365,321.9374999999999,-16.5945,163.21106999999967,26.641634
3828238392559860992,40.13023372702517,136.09499999999923,-3.7467099999999998,163.21106999999967,26.641634
5853498713160606720,128.4101915602426,20.89499999999958,-62.6762,258.1247399999997,26.711647
76868614540049408,138.3564534249852,90.88199999999996,13.0443,258.1247399999997,26.711647
625453654702751872,85.13420867004545,163.48499999999956,19.8698,258.1247399999997,26.711647
5918660719981686144,139.04137023239008,39.50999999999936,-57.3249,258.1247399999997,26.711647
4109030160308317312,58.26319803278956,282.52499999999924,-26.6077,258.1247399999997,26.711647
6324325225803432320,140.2909574376157,38.51999999999932,-12.517000000000001,258.1247399999997,26.711647
1237090738916392704,128.34758922010323,102.71999999999933,19.1003,258.1247399999997,26.711647
1784473016438653056,92.33851353983434,156.11999999999935,17.6449,258.1247399999997,26.711647
5153091836072107136,75.55708623443122,321.9374999999999,-16.5945,258.1247399999997,26.711647
3828238392559860992,120.14034809195066,136.09499999999923,-3.7467099999999998,258.1247399999997,26.711647
5853498713160606720,106.04321923067485,20.89499999999958,-62.6762,115.46860499999978,15.74862
76868614540049408,23.953544496797242,90.88199999999996,13.0443,115.46860499999978,15.74862
625453654702751872,45.75477683738206,163.48499999999956,19.8698,115.46860499999978,15.74862
5918660719981686144,95.87712122035029,39.50999999999936,-57.3249,115.46860499999978,15.74862
4109030160308317312,163.7865726333669,282.52499999999924,-26.6077,115.46860499999978,15.74862
6324325225803432320,81.1784296763308,38.51999999999932,-12.517000000000001,115.46860499999978,15.74862
1237090738916392704,12.612586269852786,102.71999999999933,19.1003,115.46860499999978,15.74862
1784473016438653056,38.91079341550105,156.11999999999935,17.6449,115.46860499999978,15.74862
5153091836072107136,154.58251991149453,321.9374999999999,-16.5945,115.46860499999978,15.74862
3828238392559860992,28.224148137313076,136.09499999999923,-3.7467099999999998,115.46860499999978,15.74862
5853498713160606720,138.75629258968453,20.89499999999958,-62.6762,203.09210999999974,21.459794
76868614540049408,105.07880997161088,90.88199999999996,13.0443,203.09210999999974,21.459794
625453654702751872,36.995470863057,163.48499999999956,19.8698,203.09210999999974,21.459794
5918660719981686144,142.1772595389504,39.50999999999936,-57.3249,203.09210999999974,21.459794
4109030160308317312,90.64502148569362,282.52499999999924,-26.6077,203.09210999999974,21.459794
6324325225803432320,162.7664849125097,38.51999999999932,-12.517000000000001,203.09210999999974,21.459794
1237090738916392704,92.21334057159036,102.71999999999933,19.1003,203.09210999999974,21.459794
1784473016438653056,44.269241661754066,156.11999999999935,17.6449,203.09210999999974,21.459794
5153091836072107136,122.32938737151875,321.9374999999999,-16.5945,203.09210999999974,21.459794
3828238392559860992,70.1838724655521,136.09499999999923,-3.7467099999999998,203.09210999999974,21.459794
5853498713160606720,135.9113318911451,20.89499999999958,-62.6762,226.55948999999998,22.158355
76868614540049408,124.08037339615026,90.88199999999996,13.0443,226.55948999999998,22.158355
625453654702751872,58.49225539135369,163.48499999999956,19.8698,226.55948999999998,22.158355
5918660719981686144,144.459178582034,39.50999999999936,-57.3249,226.55948999999998,22.158355
4109030160308317312,72.87044969103414,282.52499999999924,-26.6077,226.55948999999998,22.158355
6324325225803432320,167.68493263679085,38.51999999999932,-12.517000000000001,226.55948999999998,22.158355
1237090738916392704,111.34173789200035,102.71999999999933,19.1003,226.55948999999998,22.158355
1784473016438653056,65.80689622325052,156.11999999999935,17.6449,226.55948999999998,22.158355
5153091836072107136,101.00568565772349,321.9374999999999,-16.5945,226.55948999999998,22.158355
3828238392559860992,91.84170923254698,136.09499999999923,-3.7467099999999998,226.55948999999998,22.158355
5853498713160606720,131.9382449372489,20.89499999999958,-62.6762,131.34059999999974,37.526462
76868614540049408,43.50281231305059,90.88199999999996,13.0443,131.34059999999974,37.526462
625453654702751872,33.01179416799448,163.48499999999956,19.8698,131.34059999999974,37.526462
5918660719981686144,121.76307207938198,39.50999999999936,-57.3249,131.34059999999974,37.526462
4109030160308317312,153.39243613845272,282.52499999999924,-26.6077,131.34059999999974,37.526462
6324325225803432320,99.79447196170084,38.51999999999932,-12.517000000000001,131.34059999999974,37.526462
1237090738916392704,31.000608679369957,102.71999999999933,19.1003,131.34059999999974,37.526462
1784473016438653056,29.446702398511867,156.11999999999935,17.6449,131.34059999999974,37.526462
5153091836072107136,157.07904977806945,321.9374999999999,-16.5945,131.34059999999974,37.526462
3828238392559860992,41.509134564346965,136.09499999999923,-3.7467099999999998,131.34059999999974,37.526462
5853498713160606720,112.49329688864859,20.89499999999958,-62.6762,95.81084999999972,32.921236
76868614540049408,20.38040752971945,90.88199999999996,13.0443,95.81084999999972,32.921236
625453654702751872,61.01297476849594,163.48499999999956,19.8698,95.81084999999972,32.921236
5918660719981686144,101.89023251065288,39.50999999999936,-57.3249,95.81084999999972,32.921236
4109030160308317312,171.4120459111664,282.52499999999924,-26.6077,95.81084999999972,32.921236
6324325225803432320,71.03260881934236,38.51999999999932,-12.517000000000001,95.81084999999972,32.921236
1237090738916392704,15.140794939686481,102.71999999999933,19.1003,95.81084999999972,32.921236
1784473016438653056,55.87783716505855,156.11999999999935,17.6449,95.81084999999972,32.921236
5153091836072107136,135.45988918536932,321.9374999999999,-16.5945,95.81084999999972,32.921236
3828238392559860992,52.88154106924414,136.09499999999923,-3.7467099999999998,95.81084999999972,32.921236
5853498713160606720,143.61053961972243,20.89499999999958,-62.6762,223.0912199999998,29.258597
76868614540049408,117.43165641017316,90.88199999999996,13.0443,223.0912199999998,29.258597
625453654702751872,54.46252490216973,163.48499999999956,19.8698,223.0912199999998,29.258597
5918660719981686144,151.8218972183352,39.50999999999936,-57.3249,223.0912199999998,29.258597
4109030160308317312,79.76018212243125,282.52499999999924,-26.6077,223.0912199999998,29.258597
6324325225803432320,162.72769572934118,38.51999999999932,-12.517000000000001,223.0912199999998,29.258597
1237090738916392704,104.88517812984087,102.71999999999933,19.1003,223.0912199999998,29.258597
1784473016438653056,61.7461619333837,156.11999999999935,17.6449,223.0912199999998,29.258597
5153091836072107136,105.5549568830361,321.9374999999999,-16.5945,223.0912199999998,29.258597
3828238392559860992,89.21611618540409,136.09499999999923,-3.7467099999999998,223.0912199999998,29.258597
5853498713160606720,113.62494857713627,20.89499999999958,-62.6762,270.38005499999963,16.087227
76868614540049408,150.86424572054284,90.88199999999996,13.0443,270.38005499999963,16.087227
625453654702751872,99.69674666178318,163.48499999999956,19.8698,270.38005499999963,16.087227
5918660719981686144,124.09807218963054,39.50999999999936,-57.3249,270.38005499999963,16.087227
4109030160308317312,44.295540462783244,282.52499999999924,-26.6077,270.38005499999963,16.087227
6324325225803432320,129.74351900814983,38.51999999999932,-12.517000000000001,270.38005499999963,16.087227
1237090738916392704,142.7776458434146,102.71999999999933,19.1003,270.38005499999963,16.087227
1784473016438653056,106.99102793960333,156.11999999999935,17.6449,270.38005499999963,16.087227
5153091836072107136,60.43810917224064,321.9374999999999,-16.5945,270.38005499999963,16.087227
3828238392559860992,133.4372764774268,136.09499999999923,-3.7467099999999998,270.38005499999963,16.087227
5853498713160606720,135.1752800481061,20.89499999999958,-62.6762,132.14545499999977,41.086421
76868614540049408,45.55117655234334,90.88199999999996,13.0443,132.14545499999977,41.086421
625453654702751872,34.024546207777625,163.48499999999956,19.8698,132.14545499999977,41.086421
5918660719981686144,124.88301108391846,39.50999999999936,-57.3249,132.14545499999977,41.086421
4109030160308317312,151.66346470776952,282.52499999999924,-26.6077,132.14545499999977,41.086421
6324325225803432320,100.89218778061506,38.51999999999932,-12.517000000000001,132.14545499999977,41.086421
1237090738916392704,33.34306600013603,102.71999999999933,19.1003,132.14545499999977,41.086421
1784473016438653056,31.185035293524795,156.11999999999935,17.6449,132.14545499999977,41.086421
5153091836072107136,154.09196752462668,321.9374999999999,-16.5945,132.14545499999977,41.086421
3828238392559860992,44.978102146928876,136.09499999999923,-3.7467099999999998,132.14545499999977,41.086421
