TIC_ID,Teff,e_Teff,ra,dec,d,e_d
432549364,6596.04,156.59,0.362153885,39.38382837,268.43,3.023
354594208,6033.55,105.16,1.887827481,32.43777094,163.083,1.187
346929661,6178,254.926,0.97758264,59.33477745,203.562,1.209
347013211,6125.85,120.726,1.119139199,54.93446295,366.962,4.7995
194203348,6222.99,106.259,1.196959298,41.59400592,210.101,5.846
396356111,6748.74,120.985,2.60037904,58.48948146,92.8913,0.3086
461387302,6406,179.77,3.021591226,66.65055995,234.455,1.54
403256331,10097,249.499,4.249330146,58.67926522,867.296,21.8335
440100539,5861.63,141.585,4.358047983,42.2823233,96.5232,0.4433
327579226,6659,172.501,4.736127117,57.20065318,259.563,2.074
403308915,8398,145.449,5.198919935,55.54284764,385.274,6.367
407394748,7205,,5.420288407,77.88002754,280.381,
407059875,5050,146.85,5.470038442,66.16817002,108.076,0.3155
202375913,7664,134.983,5.965463947,51.46830111,482.203,10.767
127425841,7090.77,100.439,6.030682532,40.16561845,355.69,5.5275
354600221,6329,158.686,6.074650354,57.88176878,241.204,1.829
444415148,9542,123,6.308946951,62.54312975,670.885,14.034
418987806,6919,178.363,6.519550092,63.31941317,479.659,6.5305
190998418,5583,127.666,7.053932152,42.06137313,367.658,7.922
320506985,5751,167.693,8.163433005,54.65460042,285.876,2.987
191146556,6271,126.062,8.304434468,46.34033443,282.833,3.011
284050395,5421,130.6,8.988700945,65.02617829,104.358,0.339
240681314,6695,131.35,9.458791694,51.28876641,370.284,7.7775
191284318,6140,125.699,9.573160199,42.46311581,226.637,4.388
284441182,3624,157,10.08870877,61.21362621,51.9503,0.0745
420288086,9324,379.968,10.96276461,61.835626,694.491,12.687
312259170,10692,735.402,11.04277136,59.46450162,969.594,30.5625
445144327,4628,122,11.23414345,58.71207846,800.464,19.244
445137888,10310,617.117,11.30240078,56.07006535,795.905,74.344
445254275,7125,162.38,12.21612436,59.38672587,910.693,28.9095
312469860,6941,,12.88130299,55.71102921,257.461,
283474780,4939,122,13.0174011,36.39293544,247.112,2.886
285543785,,,13.222022,60.891685,392.878,
285542903,10125,419.493,13.27002458,60.61811639,914.062,34.852
312678993,,,13.59738218,54.52803084,,
306955329,5103,131.442,14.1135876,48.63757464,121.84,1.317
52041724,7455,409.925,14.11949131,65.67898979,278.829,7.176
307111282,5791,150.152,14.63953817,50.93620615,186.665,1.237
53875855,5899,139.67,14.65275647,34.14825787,204.881,1.587
312862941,3810,157,15.32175969,55.69794753,126.283,0.4825
352413427,5958,121.256,15.59819748,37.18548299,67.6203,0.20465
256414077,6747,308.496,15.60652089,60.71553077,377.17,18.481
468574941,6081,137.651,16.184842,74.33134841,289.668,2.208
53617134,7014,163.859,17.67984158,65.2496593,281.184,2.458
53709089,9387,,17.73673708,61.09210831,359.404,
435680451,6156,262.277,17.91396521,79.16558516,174.195,0.763
240968774,3834,157,19.11392939,49.23377998,37.4418,0.05465
332154944,6082,141.449,19.27813051,57.5143415,143.575,0.636
288348498,6745.47,110.125,19.70045204,41.50618363,313.229,5.0305
241040309,8455.32,109.421,20.71737275,48.95539058,685.251,26.3785
241065596,7014.22,113.061,21.73619091,49.38865643,816.238,26.308
422756130,3575,157,21.92071933,72.29644054,45.1309,0.06805
44631965,6046,127.034,22.23622505,35.86481371,359.959,15.2915
326919774,9146,140.155,22.97300855,46.39984536,519.941,18.4675
327011842,4975,122,23.4667796,45.01032386,493.702,14.842
389900760,3179,157,23.50413325,65.51491568,32.1755,0.05285
327341626,6820,128.846,24.69043971,42.67778351,441.44,22.9885
71854745,9225,159.267,26.29941839,54.568457,749.127,37.15
395393265,6688,148.615,26.33840899,77.79017317,303.006,3.0795
354400186,8884,144.264,27.737993,48.35234601,524.755,26.8925
370759867,5865,139.629,28.16321411,55.18603371,124.547,0.631
354469661,6333,152.212,28.2823863,52.05389438,233.22,2.657
67418624,6204,130.344,28.6604017,37.00512442,143.239,1.33
241076290,9035,204.171,29.03283093,52.58550296,560.222,22.793
292321872,6473,122.325,31.90220787,45.50017206,505.331,16.141
184679932,6198,125.762,32.29399702,40.40200504,146.653,0.8685
250724252,9078,,33.50522978,53.12154035,574.869,
118301361,7249.79,123.061,34.19582277,29.57049657,380.062,7.3015
348135793,6742,155.996,34.37694424,56.42151394,341.514,4.847
187029841,6280.37,133.105,34.55592213,38.4788914,252.419,10.38
374400599,7492,135.133,34.69793518,64.35639479,386.181,4.9215
348673213,3896,157,35.80715835,56.57016427,153.986,0.6375
129979528,7308,121.237,36.71274281,37.55048271,121.944,0.9905
129991079,6175.85,111.286,37.13230712,40.89136134,208.771,3.0245
286355915,6531.44,109.703,37.89326055,34.36891594,374.442,6.276
249862365,6208,172.885,38.12272439,52.70428905,184.69,1.2895
73448352,6739.04,107.476,38.3081438,30.36049994,282.096,4.751
139375960,5917,125.808,38.36144512,41.01343581,336.608,8.1935
249945230,4582,131.029,38.80945339,48.27418638,51.0409,0.10865
245462406,6777,159.742,38.82164151,55.70324976,551.666,10.336
50120414,9503,123,39.89113252,62.43331131,742.441,16.128
422923265,9898,151.436,40.24557529,42.87127624,769.138,112.928
51024887,2990,158,42.15414606,62.18970895,41.5305,0.15765
302773669,5969,136.663,42.43536123,71.75323117,78.0863,0.239
408618999,5656,122.561,43.43502024,69.10140701,88.9482,0.32085
285666479,6549,141.9,43.61067544,52.07104753,755.795,20.5135
269892793,4769,128.627,44.29282879,33.31268849,152.983,3.3105
396562848,3414,157,44.3260797,76.55312508,18.2276,0.011
68152139,6001,133.387,44.40199474,40.01676158,226.234,3.595
251384275,8494,,44.7202702,58.73524977,328.658,
186599508,5719,130.029,45.08795382,39.06857162,170.592,1.987
376353509,4836,125.032,45.40098119,69.22990013,69.835,0.1643
192372961,6716.47,99.8456,45.59830853,43.18385293,550.183,12.998
81831095,7478,216.451,47.80666499,61.76239114,399.401,5.3
117322779,,,48.35226352,49.78375695,,
420645189,5937,142.24,48.36960452,75.26831593,158.493,0.8355
458914949,7846,210.444,48.42329364,61.90788292,563.997,11.627
82010657,7519,236.842,48.75292685,60.23823134,282.1,4.316
259151170,4503.48,105.673,50.3450229,52.69251221,86.1112,0.24515
138017750,6104.28,108.1,50.80058856,33.07838363,100.635,0.8968
385105624,6222.3,146.952,50.80800084,46.68218285,295.452,3.238
316254876,5551,296.84,51.98866849,54.86568631,248.563,2.359
285677945,6304,220.6,53.09897299,50.49903069,317.968,4.8455
285674856,8348,154.67,53.19629042,51.88456574,294.123,3.143
101037590,5597,146.529,54.48109736,33.07985947,159.748,1.5125
104208182,3948,157,54.50198098,50.95548595,142.042,0.498
201154493,9447,218.566,56.14331971,41.06437169,831.907,38.8525
431899140,7962.95,130.456,56.22254722,45.50719075,710.919,26.476
201186294,3455,157,56.39016879,37.11222224,35.2736,0.05265
125735470,5718,152.057,56.66028724,27.47161193,143.312,1.81
26433869,4963,122,56.81432491,30.14951252,329.591,7.032
87090944,5919.66,109.004,58.48597025,58.96859643,197.14,2.989
266500992,5411,153.899,61.17219242,52.2570638,165.314,0.987
73104318,5029.66,16.66,61.72147691,58.4655167,201.645,1.3645
102672709,6141,223.518,61.73104316,66.11962216,209.153,1.7115
103195323,7437,138.239,62.57304805,75.17090108,378.684,3.58
267694283,6324,127.626,63.23003749,53.68718555,106.477,0.6835
470315428,,,64.64835019,52.86494749,222.358,50.771
470381900,3181,157,65.28056346,48.81991372,64.9172,0.35625
85031598,4815,122,65.34580009,62.24575429,87.5878,0.34815
8400842,6673,150.433,65.46960174,57.81719224,213.053,2.691
286561122,7325.53,136.55,65.87624408,35.49516393,506.864,12.112
58542531,4402,126.062,65.97972838,27.82254642,51.1884,0.1389
27677846,5304,122.991,66.37050774,46.36586092,78.7137,0.33005
103448870,5734,157.223,66.8346835,73.0238567,124.854,0.461
28900646,3457,157,68.59373014,43.03741375,37.6153,0.07265
9837861,5235.54,16.3411,70.5485585,54.2920691,299.399,4.3855
156724719,,,72.03181425,39.9669663,408.36,
96291218,8001,,73.03483936,30.28040242,391.546,
121966220,5843,170.189,75.79773644,41.78583221,472.704,9.135
122485078,7719,139.895,76.85126646,36.27508847,463.156,9.894
367366318,6767.92,115.741,78.29553648,33.31816756,136.681,0.931
142090065,7072,131.169,79.07365908,79.73767064,182.907,1.2905
142117976,6495,126.093,81.23935333,79.7497734,110.177,0.329
321041369,5672.47,145.383,81.67135066,56.96359053,153.896,0.7695
409183335,7174,,81.80783445,38.59752607,225.941,
311121985,6375,159.441,85.58110664,49.51375563,187.823,2.1665
116608612,8170,258.768,85.66322321,35.1857962,267.683,3.777
354006740,6170,162,88.36929999,37.33905077,66.5241,0.23325
312122956,,,88.47596117,30.4460596,4488.38,1671.21
368536386,7185,268.98,89.4201944,36.76581339,428.948,6.985
353367071,7895.71,147.389,89.93486334,33.50699714,402.261,8.8495
353475866,3474,157,90.30846478,34.77316688,30.7947,0.0391
468828873,6064,132.084,91.87226195,66.85785449,281.902,4.53
339538183,7235,,93.31895205,63.68500525,294.292,
241225337,5566,147.029,93.55853277,53.13617141,115.362,0.613
445805961,5675,125.767,94.28275636,76.21078059,81.2271,0.17695
138168780,6724,163.988,94.79321242,73.82766444,235.479,2.418
86396382,6154,105.682,97.63665283,29.6722962,427.246,5.9855
396740648,5058,122.082,97.74821094,66.36068325,124.68,0.587
190223929,7697.19,112.178,98.50298575,41.90081287,756.791,27.2675
274215536,4685.12,111.564,99.89814368,42.13156899,123.643,0.71
15863518,5097.55,102.693,100.5206503,39.8431806,138.371,0.93
240148934,6582,123.814,101.3820736,31.46565516,291.007,5.6945
149833117,6578,122.817,104.6285326,67.67729428,188.086,1.895
14336130,5878.6,140.689,105.0829291,56.82443485,104.158,0.81
318022259,3691,157,107.8664288,48.33038926,35.6917,0.0833
371234684,6193,137.448,110.1685677,37.14065078,455.203,8.8015
51234631,6304,139.541,110.3881675,58.26808658,272.655,2.8845
371210825,4252.94,105.282,111.5595692,32.38414683,103.107,1.187
470987100,3876,157,111.8014993,53.04508676,74.7599,0.23155
257241363,5378,134.564,112.0181354,30.3224034,52.3044,0.0936
239154970,6642.28,107.253,113.1842378,33.83503278,396.11,7.5075
453387619,5747.59,140.538,113.8744994,49.47821313,198.501,2.0215
85242435,6137,125.174,114.3452895,61.15417828,136.419,0.8415
95129101,6621.86,137.686,114.9328477,28.12016785,343.469,5.973
71347873,3668,157,115.5927957,70.40459654,62.7576,0.12815
241173474,6259,123.607,116.1072936,43.00919653,235.782,2.5055
71431780,5777,124.977,116.7971387,68.47663145,100.727,0.2915
356473034,5267,152.738,117.0269692,50.22581142,154.273,1.446
130181866,5694.11,153.429,117.4794185,27.36318294,22.4035,0.0225
29119552,6157,133.993,118.6298095,45.80801537,268.655,8.506
53427308,5846,128.126,118.8819191,54.59663986,251.27,2.552
285048486,3907,157,120.6106263,64.79692529,60.798,0.13635
461662295,5326,119.997,124.4469306,51.01058012,112.978,0.4275
22705558,5654.41,132.341,125.1887773,46.20371485,205.283,1.9335
23650642,5523.99,107.591,126.0884702,42.10499219,189.762,1.891
81212286,3541,157,127.033289,56.4275617,58.3171,0.1227
67926921,6831.42,98.6182,127.9457109,44.83234269,574.264,13.792
137500798,6653,124.922,132.6351809,82.92719663,335.518,2.892
332064670,5250,147.574,133.1492139,28.33082136,12.5855,0.01235
302518439,,,134.1201207,72.53324284,259,1.6565
293617835,6096.35,111.723,135.2975365,55.85994442,227.754,10.2645
219698776,3489,157,135.7340134,71.63703121,43.1865,0.0613
39699648,6023,126.762,136.778074,46.67260091,99.451,0.36195
8767448,5914,145.686,140.1029766,33.88241661,227.537,3.069
457138169,6273,117.403,141.3681444,50.90883807,163.438,0.81
86280613,6505,129.641,141.7212011,61.69908204,248.695,2.059
287225295,5493,123.525,144.0004616,51.60757704,90.6965,0.2298
147576037,6017,136.14,144.341553,68.45865747,432.113,7.392
67646988,3138,157,147.7690653,35.96929602,33.928,0.15965
4897275,5853.7,106.531,148.1605375,35.11165494,53.974,0.20425
67666096,6518,123.728,148.6432795,40.38804972,210.252,5.4075
9348006,5251,129.898,150.115134,39.45781642,149.234,0.9475
137881699,6101.12,142.809,150.5726948,53.95088942,935.456,23.769
142748283,3285,157,151.6191273,74.82753413,48.4809,0.098
29191596,5502.54,112.177,151.7207939,45.88353955,69.3223,0.24525
29191624,5859.45,101.754,151.8070364,46.11497654,79.7665,0.33105
137906197,5994,121.003,152.1029472,55.54007552,157.597,0.8285
103633434,3912,157,152.2158624,69.2765456,39.6345,0.0478
103633672,5134,126.158,152.2239055,70.39472951,84.5772,0.23065
372730331,6427,130.133,152.3303772,39.16254133,327.863,11.5545
241196395,6435.69,109.221,153.5498559,29.08556932,171.945,1.6395
252479260,5357.72,112.36,155.6816352,50.12835096,81.7647,0.2497
85293053,5583.1,110.444,156.8379097,34.39103192,97.7562,0.5952
355867695,4225,135.544,157.1459367,65.85455064,73.5977,0.1604
450327768,5776,131.005,160.229484,35.9136652,191.532,2.375
310981412,6149,129.623,161.4280638,69.20078758,164.178,0.641
349827430,6321.17,107.087,161.9097959,71.65587687,96.5173,0.31225
372757221,6389,124.379,162.8932354,81.32221276,221.071,4.997
21535395,5723.87,104.62,164.7760668,40.98360779,44.647,0.15285
99834717,4974,130.639,165.1674258,64.96398477,262.706,2.595
166648874,3272,157,166.1189629,30.45875044,55.5211,0.1999
99869022,5618,122.073,166.8806942,61.3527159,248.427,1.7795
8967242,5690,122.747,167.2329623,34.3031907,62.1274,0.1956
9392421,5637.72,139.072,167.7778216,39.52676934,312.52,5.7965
147950620,5323,124.5,167.8204822,69.96470846,149.667,0.652
147951030,5491,126.682,167.8659446,71.54092802,138.308,0.7
17993892,5634,125.032,171.274941,41.02796366,277.278,3.1795
307734817,6351.66,143.862,171.5971258,28.05654883,556.917,23.653
148679712,5428.81,99.5484,172.1711506,46.48058869,139.11,0.6095
153949511,5544,120.311,172.7483541,66.79658998,100.772,0.2265
371790428,3546,119.826,173.9897375,75.54700493,39.1185,0.04905
138588540,5393.86,139.682,176.3805765,65.54098494,37.7873,0.03945
144401492,4868.61,159.921,178.0465607,35.17178678,119.24,0.9435
365938305,5396,121.99,180.7291469,74.06113722,93.2276,0.18145
160268701,6379,133.359,182.5393661,77.35224567,191.984,1.9545
224297258,5477,120.112,185.0638834,56.20114847,107.055,0.285
224298134,3577,157,185.3393985,57.75246711,37.066,0.04375
417931300,3700,157,186.2752859,60.41837222,52.9328,0.0586
417931607,5781,130.458,186.5243332,61.25904463,91.9362,0.21725
285094173,6131.29,131.491,186.5820613,46.47082095,276.417,3.6885
148914726,4944,121.631,187.0559697,67.23998302,86.444,0.15065
393831507,5778.19,106.287,187.6864754,27.45214771,248.504,3.597
373693175,5555.05,115.611,188.2662755,44.91533252,294.419,2.252
376524552,4719,120.376,188.9225797,27.21442296,128.23,0.7075
154568734,6291,130.715,191.2988096,72.12317349,102.97,0.3565
142276270,5767,127.443,192.1848886,64.8553193,84.5362,0.158
330799746,6236.87,103.099,193.1310509,34.90109254,401.96,6.7755
198485881,3446,157,194.7403393,77.66158044,57.7911,0.1051
229536616,6292,,195.8212912,67.82341067,283.32,
165987272,6266,104.702,195.9818618,30.64007771,240.726,1.971
142381532,4760,117.245,196.2203561,63.75379097,71.6456,0.11495
232967440,5322,123.701,197.6823439,70.76841019,132.353,0.4595
142387023,5182,127.291,197.7311872,61.74477872,59.4314,0.1297
467179528,3618,157,197.9981677,65.83380653,36.0118,0.0295
232967666,5807,,198.1532158,71.61812706,209.618,
142394656,5150,126.322,198.3892036,62.30544585,109.557,0.5425
417948359,4987,121.343,199.1966264,49.86103901,137.572,0.402
232971294,6191,127.462,199.4428258,71.72110579,178.259,0.667
180652891,7218,124.964,199.6073082,35.95398859,317.527,3.8515
232976128,5453,117.875,200.5617346,66.30873251,139.49,0.535
180695581,4612.99,99.6652,201.2833161,38.92248501,42.5775,0.0621
298073824,6906,,201.3369497,75.98272006,309.2709,
153951307,3853,157,201.3823979,68.83626556,70.7145,0.12055
341544930,,,201.6148769,65.30626409,,
71612483,5610,121.632,202.2946652,31.40194655,265.941,2.521
286916251,5707,115.695,203.3977028,49.06113621,155.791,0.6215
286923464,5836.95,139.793,203.510581,53.72852732,92.2589,0.2358
153976959,5142,122.712,203.5369351,67.62165374,92.8659,0.19045
219824469,5923,127.246,204.4402755,48.25009528,296.945,2.4375
219436394,5535,122.408,205.594366,76.64796652,163.982,0.6435
311035838,5224,118.05,206.0941413,48.0286684,134.554,0.4785
393911494,5590,122.048,207.1786264,44.91202689,121.167,0.4895
144441148,5961.28,133.557,207.9061694,33.49243318,159.375,4.1425
219462190,5647,124.03,208.0532039,75.16529266,131.542,0.416
23740089,5595,127.545,208.0996802,37.74854452,189.09,3.143
154089169,5077,131.984,209.2181326,68.61801469,94.6375,0.2501
198108326,4652.87,115.904,209.3894452,43.4935007,142.751,0.4515
288132261,6124,126.553,209.4850503,79.58318954,154.944,0.521
219466784,5249,124.629,209.8574022,74.15150078,115.409,0.389
441642457,5729,120.914,209.8830144,58.93301276,123.946,0.3855
23814735,4065,120.25,210.0444797,38.70577258,74.1469,0.15735
198153540,5165.24,103.45,211.0941078,46.51939928,113.181,0.3085
393965778,5468.73,114.582,212.5468971,45.56399453,176.759,1.008
160045097,4336,121.303,213.0800448,74.41162061,95.2649,0.1813
168699373,5115.16,138.182,213.1440479,47.01473488,347.85,2.2125
445859771,5698,117.934,214.1205518,58.39044475,177.118,1.214
158002130,4700,121.48,214.5530983,82.19404358,72.0238,0.13235
154383539,5011.22,102.681,215.6024567,55.33367413,131.601,0.4555
293687315,6840,128.796,216.5239895,59.4442469,321.376,2.4895
158025009,4946,128.622,216.9240238,41.95342212,55.0135,0.07735
27491137,5163,124.827,217.3926784,39.79042916,41.9091,0.0527
158075010,6594,133.174,218.184663,43.75634231,131.275,0.4195
148782377,6383,130.424,219.0373962,42.37827467,112.152,0.3305
233182695,5849,123.43,219.0434894,68.94061755,148.003,0.7745
298164705,5650.08,108.163,219.3386882,56.66618816,150.086,0.5045
68035559,5632,120.977,219.7343826,37.0267188,179.127,0.833
288185138,6105,142.214,222.8425635,82.95213658,224.444,1.993
219015370,5714,126.408,223.0928864,70.47656826,332.648,2.286
310003988,5939.34,133.076,224.8728253,46.96013337,435.156,4.3895
262880065,5270.9,,225.315324,40.94676227,117.892,
229888286,6081.32,,226.1164332,28.215779,255.849,
20182165,6327.16,117.066,226.1813346,38.60522825,50.3098,0.0622
202426247,5668.04,104.731,226.4579343,64.04720596,45.864,0.06465
20203297,5910.35,101.985,226.4698848,39.63640697,173.996,0.7945
159244568,5244,118.782,227.1787972,82.44721301,151.103,0.556
232540264,5711.85,106.3,227.8704755,71.84095086,73.8713,0.14365
283829553,6187,123.849,228.5684007,51.46874397,120.221,0.3445
357501308,4218.89,162.801,229.8381382,29.20617426,27.9956,0.02135
138294130,5981.01,117.338,229.9913356,36.22964944,320.451,2.827
202504234,5923,128.118,230.309893,63.56544796,239.983,1.52
272635712,5748,123.847,231.1618607,67.46495283,130.242,1.246
368287008,3223,157,232.1329251,27.36079764,47.3444,0.11295
165763244,5232.43,112.583,232.1400838,55.18541787,142.849,0.433
458478250,5898,125.295,232.1466359,66.35876227,126.261,0.3515
16884216,4958,122.161,232.863124,33.90203256,36.9284,0.034
116483514,4184,124.368,232.9450688,47.05683584,32.4778,0.0225
116483734,4223.45,133.402,233.0650472,47.86105052,81.0643,0.3566
224313733,5709.18,120.955,234.0992727,57.89066913,210.486,0.9345
272672133,5202,125.839,234.2421808,67.45246367,229.44,1.0135
159781361,5588,124.973,234.4316841,48.9554061,198.007,0.82
272679240,4863,125.354,234.5131269,69.01764027,138.034,0.423
405559035,6319,123.023,234.8613837,55.15360073,263.958,1.641
160440924,4971,122,236.8167821,77.23273029,362.522,3.2405
272758199,5271,124.209,237.3171231,71.44302597,418.239,2.53
159873822,5021.63,104.18,237.9241797,52.30631426,116.567,0.291
160487753,5146,122,238.0318005,74.40669435,788.93,11.542
160491359,4884,123.463,239.0180675,73.0738545,95.5156,0.1938
236714379,5451,125.913,239.2016124,65.88900798,199.039,1.049
188589164,3352,157,239.5783246,35.40674401,15.8095,0.00955
310231275,5951.67,,239.7875524,32.39641639,88.0815,
237099296,4765,123.903,240.3013952,68.93745667,162.46,0.8385
236312126,5729,103.06,240.5493596,28.16956101,163.553,0.6195
237104103,5731,124.631,241.3233637,70.18985053,319.036,1.9895
232982938,5809,127.243,241.5624123,69.62169907,369.986,2.467
160039081,6004,117.657,241.5806972,53.51504193,63.7194,0.11525
232982558,5873,123.835,241.7639438,67.87772921,230.306,2.3345
17416749,6398,126.42,242.2010422,35.69125071,186.825,2.2255
207425167,5059.36,146.23,242.7477166,58.29455276,172.534,0.9345
207425203,6439,133.459,242.9193161,58.4770441,757.572,44.1285
287080092,6114,122.03,243.4887727,63.53427372,113.335,0.292
230075227,5284,122.558,244.3769943,68.89451394,91.8282,0.17555
198178505,6380.43,109.452,244.3811976,61.36855241,94.2106,0.31445
219501568,6690,127.351,244.5644331,42.62700179,122.859,0.4335
39903405,6412.83,106.401,245.1514913,41.04808585,127.774,0.424
8348911,3244,157,245.2797999,31.57687825,51.6004,0.1294
198187049,5268,125.279,245.7279239,61.69463168,38.6215,0.037
198186769,6229,123.769,245.8180656,62.92506282,428.123,4.5455
207468071,6351,118.927,245.908209,54.68976217,191.649,0.9245
230086768,3428,157,246.6245844,66.14361427,89.6716,0.26635
162689341,6046.76,142.639,246.6920783,51.04108114,575.889,6.456
219508169,5175,128.89,246.7975206,42.68747167,115.834,0.352
198206613,4324,126.843,247.0447157,63.49855055,61.9251,0.0995
230087585,6016,127.479,247.1256518,69.03091301,766.271,35.2075
230088370,6612,120.33,247.3569003,71.50585075,295.561,1.773
159510109,5920,130.456,247.5351912,80.3074791,97.3391,0.2589
255930614,6084,139.932,247.6234104,38.34730858,75.8643,0.17365
207501148,5879,120.447,247.6575259,56.39932969,167.542,1.471
232568235,5432,126.085,247.667166,49.04652482,101.251,0.2835
233009109,6669,127.543,248.2528802,72.92576589,177.63,0.677
198211976,3621,157,248.3338178,63.52402579,49.7627,0.06025
198213332,5579,135.42,248.4335909,61.71830699,222.74,6.115
198212955,4255,128.2,248.5532823,60.19609815,110.015,0.364
233497719,6051,127.271,249.5200832,77.75623046,565.519,4.5015
198241702,5517,124.91,249.6970407,64.55871662,172.138,0.693
367739494,4868,119.716,250.3834485,80.04560106,141.436,0.449
233500935,4836,120.564,250.7399353,76.44921837,168.911,0.7
230127302,5141,122.049,251.1164875,70.429639,169.422,0.671
462615350,4066,130.915,251.119187,60.08610418,132.907,0.29
289539327,6091,122.29,251.6337065,65.71490081,294.85,2.4105
289580577,5700,130.299,252.4698493,61.17352276,226.671,2.699
115446313,6109,128.225,252.4719184,47.31679676,174.932,0.657
199688472,5786,129.414,253.1403043,57.97400474,190.403,4.476
289590465,5292,125.791,253.4429128,65.29411639,183.737,0.6945
287139872,3652,157,253.4629932,60.70908068,103.021,0.3355
115524421,5455,123.715,254.1305832,44.30265265,246.353,1.565
356016119,3457,157,254.14323,70.02731556,50.0248,0.0837
356700488,7788,126.105,254.4554871,68.69966981,148.944,0.669
224596152,5773,119.624,254.5029384,57.30545127,156.571,0.4535
115583726,6175,121.68,254.5885195,45.93644815,282.689,1.8585
459969957,4684,125.496,254.8169106,65.74711792,178.141,0.957
459970307,5704,127.395,254.9241051,64.69910934,93.8819,0.26675
224600500,8475,142.024,254.9586613,58.46258548,161.067,0.8595
82452140,5717,124.297,255.0975332,39.72992693,139.616,0.6075
115623434,4962,118.963,255.2456571,45.38621314,94.186,0.1785
367753709,4428,128.048,255.4019021,79.06695624,104.346,0.274
459978312,5047,122,255.5656162,64.60074015,110.923,0.4225
198356533,6093,124.709,256.138667,56.84263594,103.297,0.183
219850915,4599,123,256.2802532,69.51937933,102.551,0.24
21744120,4790,117.624,256.3464483,33.0124831,161.4,0.6075
198360694,5873.3,139.832,256.6011932,57.66110046,231.311,1.023
198588220,6417,122.582,256.6106707,44.77696323,371.686,3.53
219852882,4965,123.965,256.6229152,68.84291612,115.45,0.322
307956397,4652,127.88,256.6624352,63.77857826,270.313,1.06
219852584,6470,129.478,256.6722866,67.87146666,388.227,4.4475
219854185,5494,125.776,256.7709097,70.23850987,323.265,2.821
21832928,5991.11,101.692,256.9826233,32.10548401,36.578,0.03435
237108272,5845,,257.13923,78.58699234,117.652,
219857012,5707,124.634,257.3285328,71.87640001,72.8871,0.1194
219860288,3281,157,257.7464054,71.87139111,41.2758,0.0887
198384408,5470.16,101.004,257.7851918,56.65916066,26.9148,0.1874
441732151,6069,123.86,257.8767224,72.13550641,169.788,1.4485
198385543,3512,157,257.9554217,54.52693851,47.2496,0.0963
198390247,4920,127.03,258.2238348,57.19777796,78.7415,0.11935
441739020,6345,121.364,259.0173378,72.16115837,168.067,0.687
232612416,5227,119.505,259.0236191,63.10595604,168.735,0.5995
441738827,3630,157,259.2538462,72.74686479,114.549,0.3405
441739871,3520,157,259.5642434,74.30288591,88.0677,0.22285
101721385,6727.61,123.734,260.1161596,38.24219713,222.663,1.2505
233680651,6515,121.005,260.3030712,63.23936557,348.554,3.466
233681149,5929,124.812,260.364977,65.01187332,208.687,1.072
233684293,6153,132.077,260.7630815,63.1107696,247.435,1.5055
233684822,5641,121.749,260.9032015,64.86223562,185.23,0.7705
9828416,6382,131.343,261.0964351,33.20508566,317.845,2.447
219879302,5225,130.859,261.1294597,67.98915009,340.55,1.354
219751469,5118,122,261.1999283,61.42342485,411.532,4.479
39200363,4175,123.334,261.2439224,32.79812035,75.1973,0.1361
188768068,5801.89,124.625,261.3502329,52.79068581,27.0498,0.0215
441765914,4902,123.229,261.3752285,75.8822881,126.46,0.359
198456933,5482.02,137.714,261.8370392,58.21403697,68.1461,0.11095
198457103,7269,124.454,261.9211354,57.5104977,160.832,0.574
88840705,4968,,262.5892326,40.36970343,45.0103,
219762508,5976,131.488,262.6052298,63.12302373,603.015,9.5615
219776325,5740.19,119.605,263.5433843,61.12129018,191.957,0.7715
88992642,6202,129.758,263.7581123,40.69505697,224.731,1.097
219778329,5809,121.651,263.8519514,64.38045209,70.2105,0.13425
88996391,4325.66,44.2312,263.9444545,36.1965953,,
441798995,3872,157,264.147791,77.12612177,82.1896,0.12405
321668398,6310,141.687,264.2630504,53.02124495,527.995,5.7555
321669174,3742,157,264.3030651,53.02570341,62.3446,0.08335
441797803,6530,122.291,264.3790182,73.26108755,339.455,2.765
270515566,5844,126.394,264.454111,47.23024691,294.398,1.8245
320525204,6040,132.764,264.961577,56.07891625,121.182,0.27
332477926,3849,157,265.5943747,57.44782394,81.5511,0.15135
165527918,5619,133.113,266.1336186,54.09113489,178.427,0.591
165530380,6328,129.745,266.4064689,59.51416552,250.998,1.528
233211762,,,266.6862177,70.7843862,123.834625,
165551882,3429,157,266.7662563,57.22476105,48.049,0.06325
165554103,5373.01,107.376,266.9318201,55.87279519,135.723,0.602
308172249,4984,124.134,267.284975,29.87909487,298.214,1.4135
341815197,5274.27,126.47,267.307159,54.41594741,187.927,0.6635
116159262,,,267.3546078,40.45737948,250.755,1.8115
341815767,6610,128.134,267.5200379,54.63617826,160.295,0.51
116242971,6350,133.692,267.6404913,36.57022326,368.03,3.1315
356311210,5897,130.326,268.0160957,53.73062039,199.964,0.8515
116264089,5489,139.399,268.0292438,37.54617695,231.337,1.2955
219821826,5980,128.233,268.0294017,62.79097322,455.408,5.3135
159742538,6184,138.383,268.3043712,37.21182947,515.98,6.935
233047097,5817,128.49,268.6609443,60.35645313,677.874,5.2985
159815224,6069,123.928,268.82421,40.16750243,262.427,1.5895
233059608,6603,110.395,269.8072281,64.1425771,66.3631,0.14805
233066156,6582,131.119,270.2775297,61.34714678,713.878,17.9285
233068569,5574,121.315,270.5582023,63.54961895,322.09,2.2635
233071926,4875,125.97,270.7391709,60.41732545,101.084,0.1965
233071822,4435,120.688,270.8065503,60.67564954,70.1306,0.0875
75656058,6528,,270.8987026,38.07354093,420.268,
229586455,4176,123.75,271.3690961,75.14524815,138.272,0.32
233078665,6748,125.15,271.6119265,62.17672979,1119.32,31.54
75878355,4406,123.336,271.9351999,39.07414557,22.6202,0.01595
233087860,4534,127.598,272.2039491,60.67819001,58.5946,0.0779
298647682,4763,130.968,272.2646059,53.21763375,40.6988,0.03935
288516853,6358,136.905,273.4966412,80.65827117,156.777,0.6685
233120979,5273,,273.5294067,62.85825625,185.952,
76197937,5085,122,273.7027603,37.630111,600.502,8.152
356978132,6499,129.287,273.7816305,56.87827405,205.933,0.7935
23059280,4882,123.99,274.143862,34.17305129,244.755,1.1275
76419763,5833,144.943,274.4054698,36.62143572,303.336,1.8015
229608594,4239,119.935,274.5117718,74.46682426,84.1738,0.1599
424435940,6034,125.368,274.7010544,45.17201643,290.404,1.819
406855039,5668,127.096,274.8705488,71.2485466,238.675,1.6105
233688779,5700,124.356,275.3936645,62.36878967,139.078,0.4345
356867115,4781,115.509,275.8631336,71.58137836,90.8693,0.18925
233720539,6454,121.909,276.3792713,63.4881004,617.233,10.1765
233721037,6395,125.712,276.3941461,64.63673469,203.217,1.1105
367855829,5697,128.002,276.867998,73.26449958,172.284,1.5885
353782445,6155,123.416,276.9379756,55.75563546,143.031,0.3945
1551345500,4415,124.062,277.2918949,55.31315158,87.2876,0.20525
289164482,3943,157,277.4593956,40.54103251,48.876,0.05795
233735068,5273,122,277.476887,61.04946493,364.477,3.2885
288631580,5977,130.565,277.9249776,82.30574332,122.494,0.307
298663873,5739,129.475,277.9437126,56.65085199,116.685,0.2665
298666530,,,278.3998148,58.20494479,151.383,4.632
27848472,6352,144.166,278.6317733,35.66152478,231.161,1.6365
229715760,5776,135.044,278.9894103,70.16082855,711.751,7.3315
359496368,3897,157,279.0996348,55.39196508,36.7224,0.0276
157586003,5835,122.503,279.2624236,40.01868945,610.176,8.8895
288636342,6554,144.208,279.4644882,78.61113017,341.119,3.8725
288636599,5857,153.62,279.7444146,79.23830696,372.335,3.3275
229742722,6415,131.285,279.8316153,69.52292495,224.385,1.167
229747848,5424,119.132,280.3267614,70.28994074,147.476,1.0425
229750058,5521,123.801,280.6792025,66.30291716,285.509,1.699
229650439,5259,124.768,280.9241668,74.93760321,110.513,0.25
232635922,3759,157,281.1371461,54.95011124,84.0287,0.3351
336128819,3384,157,281.1765245,36.56236821,33.3631,0.06425
233541860,4006,121.607,281.1981946,62.68539965,44.3531,0.0525
123233041,6179,25,281.2881207,42.45108098,1021.87,14.575
232641326,7013,125.758,281.4491427,56.38169393,639.003,9.7765
48018596,5660,124.128,281.5766148,50.49235014,126.279,0.395
424391516,6311,146.415,281.5773694,75.30325652,242.537,1.347
336267424,6835.31,137.219,281.6618922,41.56005254,772.026,26.103
232650365,3340,157,281.7677034,54.91037358,62.5534744,
288735205,4699,129.561,282.1002971,79.25604472,118.106,0.3735
229770036,4496,127.972,282.1741882,70.83969714,101.713,0.5015
394029948,6073,133.958,282.2290403,78.56885796,182.323,0.7245
48188920,6592.19,178.924,282.4207835,48.09894548,292.83,2.091
232679662,,,282.4745335,55.26642551,875.061,74.2245
123495874,5883,146.406,282.6296555,46.32333139,722.795,6.5885
233602827,3959,157,282.7377705,64.4191998,99.5561,0.1172
394050135,6042,135.971,282.7951668,82.24543379,335.985,2.417
237184773,,,283.4897823,37.3806364,105.334,0.5865
237185205,6800,134.447,283.5266903,37.72002396,355.809,2.417
229781583,3692,157,283.5356465,69.63330099,80.0982,0.11875
236815160,,,283.637491,59.76306598,,
233617847,6550,121.584,283.794511,64.5313395,237.152,2.6445
229787062,5392,,284.0228404,70.25416054,368.055,
267574918,,,284.4139319,53.50925047,24.7359,0.0434
229791084,6023,120.688,284.443974,69.57085187,559.068,6.021
233633993,4410,124.828,284.7675101,60.15419287,146.594,0.5245
230375747,6511,126.577,285.0206755,63.42983746,876.378,44.53
230377505,5617,125.124,285.2057355,60.23389142,161.185,0.657
164892194,6041,143,285.2408476,46.66824025,1005.84,14.19
1716467085,6020,139.312,285.5964304,42.50734725,222.25,1.588
235678745,3746,157,285.6330443,75.41860529,41.9176,0.05
230386259,6189,125.318,285.7285595,63.94890425,384.225,3.58
230386397,4316,115.142,285.7858728,64.22997953,95.3985,0.1655
230387153,5337,124.039,285.9215176,65.78539922,202.265,1.2415
377191482,5054,122,285.9370886,59.1640547,386.266,4.2045
120757718,5242.82,110.777,286.0410483,36.63262386,159.658,0.733
158170594,5832.83,96.06,286.1103154,43.68093099,1086.24,19.16
362220495,,,286.2227,79.7553,,0.288849
405717754,5967,137.808,286.2434254,50.04035317,881.386,9.7485
158276040,6479.33,,286.5500979,44.08088106,283.025,
377290815,6306,122.849,286.5930918,56.62949144,285.002,1.661
120960812,6212,132.796,286.6383931,39.48787721,243.249,1.4055
1718201850,,,286.7471369,71.71218278,125.308,16.6305
258777137,5599,,286.7473992,71.71230205,112.868,
258777134,,,286.74788,71.7136,,
399860444,5854,101.623,286.8084913,49.31641414,215.32,1.0445
377293776,3407,157,286.8534767,59.08593272,22.4467,0.01315
158324245,7986.07,177.197,286.9714153,46.86831422,519.096,29.1045
258801269,6004,116.883,287.0250388,66.29075046,370.791,5.6625
377304435,6314,134.753,287.050197,55.30367119,504.976,6.2375
416195870,5040,134.474,287.2419954,57.34418289,141.755,0.5485
235683377,3328,157,287.2908051,74.17228352,41.1659,0.06165
258829450,,,287.6664989,66.76816178,304.865,12.8035
229938290,5406,128.465,287.6809809,64.15334199,88.3983,0.19485
158561566,6378,25,287.708814,47.33305,,
258871793,5954,124.618,287.8947789,66.32812926,627.627,6.267
229940491,5730,122.969,288.04946,63.65696594,338.948,3.4525
284361752,6424,132.667,288.1084382,54.64048864,191.396,0.7605
229944666,5290,129.841,288.3848372,62.20306766,151.654,0.5295
229951289,6011,123.135,288.6754488,60.67103145,165.808,0.7695
421308357,6595,126.984,288.8181153,57.76055826,531.96,7.076
299158887,5497,138.833,289.2261924,49.54818079,194.033,0.954
30329585,6229,129.797,289.2387368,31.32376929,216.517,1.216
243313296,3412,157,289.5127183,56.23605113,43.5829,0.06555
159107668,5826,155.529,289.7397132,44.64739379,546.522,24.466
243335710,6531,126.232,289.8615919,59.67011128,982.768,14.239
122220263,6277,125.754,290.020843,36.6377055,170.732,0.812
1884091865,4067,118.044,290.1084649,61.08505147,83.7441,0.15465
420112589,3248,157,290.1738575,73.19542645,30.5212,0.0391
420112587,3212,157,290.1738721,73.19634575,30.5373,0.04315
230001847,4784,122,290.6199861,60.85386116,536.046,5.9135
284450803,7518,143.249,290.7089125,56.61544731,299.294,3.7665
235905185,5565,123.891,290.8774512,78.7541956,479.529,2.4965
417676622,5875.23,137.941,291.0323584,49.04025783,144.166,0.435
24364065,5246,122,291.120506,33.27371319,500.014,7.3165
284477310,6021,127.797,291.1261177,56.88126627,244.804,1.493
284475976,6148,140.763,291.1623398,55.4731477,454.144,4.423
259126549,6403,,291.4118396,69.1130073,383.166,
230017324,4665,128.1,291.4651496,61.77625295,92.4381,0.1706
230017325,6012,128.603,291.4691838,61.77610631,615.12,10.067
284564230,6610,126.134,291.5238944,58.51008318,315.323,2.138
259129875,7111,125.548,291.880214,68.01466189,576.745,8.5765
350995812,12433,137,291.9213834,36.52987179,438.395,10.886
26547036,5842,129.228,292.1666485,53.48732153,109.19,0.321
352239069,6164,124.309,292.1960689,58.61475682,247.074,1.2355
424865156,6532.23,109.214,292.2473076,47.96950451,341.079,2.414
21755546,11787,144,292.2867916,30.29733617,411.307,6.9
259168516,3231,157,292.3133807,65.97436723,37.2209,0.06155
229400092,5592,125.216,292.4586256,62.52921529,265.471,1.367
287190564,8807,168.233,292.5051812,54.1085105,686.879,13.8835
287196418,6982,132.697,292.7341238,59.40385109,280.948,1.884
259172391,6240,153.608,292.7676755,71.49738735,215.246,1.077
237201858,6863,212.202,292.8235356,72.53826422,233.507,1.0275
237200747,5051,131.423,293.0327081,74.89113284,171.138,0.664
379931600,,,293.4273331,29.59629733,,
26880783,9598,143.098,293.4435926,53.46455811,595.288,12.256
138361973,6084,123.118,293.7649964,37.53893075,153.743,0.593
235937532,6570,124.772,293.9146821,81.5547932,603.172,12.441
229455001,6179,124.697,294.2910844,60.88138251,114.39,0.415
237211410,7020,168.077,294.3759143,74.78224594,242.63,1.4795
264171144,6683,142.661,294.3898478,66.97149482,179.493,0.8425
69679391,9032,130.136,294.661397,31.21922658,136.426,0.8115
378159598,8153,139.071,294.7226998,41.56512855,556.813,8.3835
69997672,6244,124.759,294.8241047,31.95815979,233.369,5.819
138968089,5854.65,147.439,295.1011006,40.98669336,435.255,4.5665
400430915,6728,124.971,295.3822089,57.32566198,1152.5,26.175
235943205,6140,128.245,295.9276257,78.72594967,189.22,2.138
237222864,5126,124.385,296.2443284,74.06273705,65.9501,0.1013
229490898,6704,,296.2573635,64.79194423,608.57,
264303333,5729,149.042,296.3552986,67.31107029,142.086,0.433
258389327,6180,135.714,296.710087,70.07194451,543.564,6.4005
229510866,6122,124.721,297.215873,64.35434978,302.819,3.502
169177766,10038,124,297.3000296,41.32683992,602.899,13.5555
237232044,5236,125.328,297.4002608,76.13908381,85.8034,0.2054
280031353,5607,158.447,297.4159781,68.88334376,221.705,1.0125
83210867,5997,149.891,297.4593296,34.82961842,246.798,1.7075
28230919,4777.56,112.867,297.7093644,48.08086038,37.7647,0.03365
267489265,7880,136.236,298.7813369,54.7815345,286.668,2.913
101929303,7550,148.549,299.2738442,35.9883563,482.763,6.2675
268823307,6295,102.649,299.4070353,44.03505265,899.777,16.4775
172370679,3854,157,299.4266476,40.14326518,128.438,0.25
405763009,3323,157,299.4390451,56.970593,32.6094,0.0435
256621916,,,300.4883193,60.2464387,,
293954617,5064,119.118,300.6142639,53.37681548,41.1706,0.0414
356158613,,,300.707846,39.66814924,56.3228,0.0867
294176967,7734,126.447,300.8051551,52.04086518,880.107,28.165
294179389,5938,140.766,300.8385704,53.29568221,247.975,4.665
294179385,6075,137.553,300.8422542,53.29423852,289.372,2.668
89389197,5075,122,301.177679,30.40989991,419.435,5.153
89510024,,,301.3177251,30.67069631,2320.13,719.26
274762761,2972,157,301.3475332,38.23080798,,
89643259,7505,,301.4108424,33.04922799,501.963,
233390838,6666,136.326,301.5592895,59.49086382,236.568,1.558
405904232,6349,125.442,301.5625793,52.16412933,316.176,2.1845
89759617,7965,194.328,301.5646775,35.58840507,624.639,21.972
41330864,6220,163.043,301.7104189,38.43103919,274.162,2.1655
185405474,6897,142.989,301.7176342,45.49919605,387.708,3.995
294471966,5180,101.324,302.0013941,51.36190732,133.863,0.4375
269701147,5461,118.635,302.0239791,66.85057654,53.6089,0.0732
42123111,11348,127,302.220067,38.24522889,1276.26,57.545
43064903,3145,157,302.6674623,40.66899793,24.5209,0.03105
402898317,4455,125.547,302.7380077,70.8694158,82.7982,0.1586
92783821,7396,174.003,303.0173812,35.52466442,524.29,8.182
186000935,5992,131.126,303.0732143,44.49620313,156.338,0.539
312083267,8715,408.005,303.2952193,36.72548756,457.792,7.786
236887394,4910,108.354,303.3817402,65.16208081,185.615,0.801
11111899,7273,,303.8248002,36.65180277,303.313,
202563254,7947,323.739,304.0342446,31.92565802,238.726,1.703
236934268,5781,137.012,304.2664885,65.15356979,204.888,1.107
236934937,3869,157,304.2989144,65.87100109,69.3787,0.10095
258510872,6232,123.245,304.6652174,66.15597068,560.901,6.507
203189770,8324,258.858,304.8000207,32.58104513,470.878,6.3855
13419950,8422,196,305.2893133,41.46235738,348.481,6.6785
233953967,6415,152.793,305.3951158,56.46262586,598.635,7.655
233951353,5885,201.605,305.4131065,58.14118682,141.133,0.7425
258514800,5466,121.494,305.4743133,70.94379445,125.463,0.336
13684720,3275,157,305.5380227,36.06457195,67.9631,0.1825
364074068,3756,157,306.329027,77.63618758,86.7159,0.11135
277014266,6318,134.486,306.4259224,53.56163235,543.011,7.554
15247229,8263,157.941,306.7308196,38.93226035,347.452,4.149
199376584,6125,122.222,306.7413249,33.7444513,80.6665,0.19125
15565627,6555.54,142.013,307.0166783,39.87718953,434.962,5.073
237071229,6308,190.398,307.0229066,61.8714962,276.053,1.562
408203470,3446,157,307.2113344,33.41446683,89.21544,
16102323,,,307.3366006,37.50858038,827.868,23.69
237086564,4201,125.587,307.3958855,61.55043263,86.5783,0.1684
16740101,9550,162.15,307.8598058,39.93882365,204.455,1.57
276380902,9603,251.862,308.0657658,58.32891201,799.447,25.305
387259626,6600,144.725,308.6699249,66.44029436,245.692,1.151
352764091,5891,124.622,308.7472955,63.47531793,92.7225,0.23245
161450762,,,309.2758521,32.47101929,,
387260717,7257,418.669,309.3486846,70.95417544,161.088,0.778
416624606,5915,191.017,310.0380295,50.32391182,335.203,3.774
315755496,4772,122,310.3315274,82.43526609,583.511,7.1165
277507814,6588,247.617,310.9535824,59.57660324,278.771,1.735
277566483,12308,144,311.1946057,54.50218424,4772.59,1787.66
387413037,6745,164.607,311.2366371,69.15187525,305.758,1.911
267561446,3855,157,311.5132524,56.86633897,110.246,0.224
365683032,9224,163,312.1799089,51.91068145,245.776,2.9185
387527558,3514,157,312.3266436,70.7963538,82.1294,0.20165
365733349,6180,362.01,313.1665785,65.60907873,114.865,0.3215
365673804,6439,119.798,313.3387408,64.22893912,99.4495,0.25155
364186197,6594,709.208,313.5108771,72.58052171,139.484,0.4175
195199644,9067,122,313.5364662,37.7893577,1139.32,36.615
279177746,9706,667.886,313.8851595,46.50207134,464.209,8.1325
236445129,6430,139.015,314.2684944,31.66100824,444.586,5.5075
367102581,9024,335.206,314.2686992,78.67481944,303.976,9.687
330332501,6585,233.752,315.1104213,46.06054834,397.905,4.9305
330468175,8999,297.444,315.1661844,47.78599047,533.615,8.445
357457104,,,315.540896,45.77574083,,
387834907,,,315.6690663,70.08030723,,
375506058,7575,145.111,316.2036028,55.58791928,148.925,1.027
343628284,3391,157,316.3241299,57.77137353,73.3345,0.17285
274170255,5197,122,316.4462201,46.84513927,305.674,2.7495
165523947,8542,204.654,316.8138879,40.16718733,697.116,12.704
274662200,3526,157,316.8670851,46.86495131,41.9934,0.04955
265146266,6049,,316.8924689,74.38312968,394.556,
357972447,7387,515.615,316.9559171,50.50093247,254.401,2.292
358631536,9622,756.216,317.5754356,48.46428758,400.034,10.639
367099243,6855,525.564,317.7295558,72.61541543,244.318,1.586
136848581,5155,122,317.747943,43.5519525,285.36,2.3665
136971594,5717,132.412,317.9666862,43.59286004,158.181,0.7595
388076005,6001,125.845,318.0491788,68.05234528,113.845,0.291
137284119,8321,197.527,318.2350927,46.2680739,453.744,6.4355
313761775,6298,299.76,318.3478198,56.94381476,320.06,2.6215
167098530,5175,119.473,318.6268147,40.01668481,73.6326,0.1672
167092385,,,318.724637,38.094239,343.728,
275722992,9976,352.03,318.7849903,44.89971306,737.108,18.431
314338017,8522,122,319.1449944,58.77282964,792.79,17.6605
167403519,,,319.325008,38.104849,340.289,
275501623,10445,124,320.1160676,61.12023326,356.681,5.825
13499636,5518,130.133,320.2016468,28.05574493,138.591,0.823
163539739,3841,157,320.4789187,35.64882678,75.5759,0.15495
277447970,7050,166.725,320.829507,52.81473533,339.994,3.1195
266688542,6854,347.867,321.0238843,46.38474181,339.736,3.9305
468472950,6301.26,135.163,321.2832384,40.88785091,279.953,6.32
321688498,3863,157,321.599668,68.64035581,58.0924,0.0729
316402246,8014,142.076,321.9733887,54.51974507,265.402,2.8785
416987878,8342,285.19,322.8921287,50.320725,594.193,10.8995
274942910,4361,121.914,322.9255754,41.79699996,52.4946,0.0719
321857016,5387,136.579,322.9413228,66.34886748,201.918,0.9145
275111900,,,323.2068889,39.07223244,285.587,
240450679,9917,190.36,323.527352,46.93178871,713.725,18.6495
387664866,6504,318.458,323.5486252,50.48150008,402.661,4.927
387664868,7083,149.333,323.5503671,50.48185224,645.841,12.841
365389353,7495,195.354,323.8645651,51.32355842,523.373,12.7995
322054600,6713,189.734,323.8702039,68.98736393,304.408,2.3795
316468545,5985,155.519,323.9080797,65.43752707,113.725,0.3925
322062001,6782,,324.2389261,69.283953,376.423,
266593143,5336.96,105.031,324.5363798,30.48873488,92.3831,0.48265
405794804,8009,436.884,324.7143091,65.03915669,315.386,2.524
190430205,9222,179.041,324.9225303,46.220223,1013.56,29.319
190442486,7465,170.391,324.935469,41.95078588,365.168,3.815
395171208,6696,240.569,325.0145999,48.40681262,200.492,1.195
322202434,5521,182.188,325.3244335,68.80707659,133.496,0.4335
190743990,6026,128.93,325.7871587,45.64689651,240.012,1.8065
331034236,6338,144.451,326.0917938,58.55168181,236.734,1.4865
240613164,,,326.3052424,45.81256774,4984.88,921.355
264544388,6996,129.479,326.4378309,79.61385982,134.912,0.4745
408636441,3960,157,326.8532929,62.75386139,40.0654,0.0423
384045439,5113,122.439,327.2746834,53.29372447,78.3164,0.1766
345996087,7537,188.84,327.4800905,44.08013307,398.627,4.673
410528770,5647,144.227,328.2157391,60.56910509,387.982,4.5045
276360911,7184,558.217,329.0533551,55.7409626,285.666,2.732
350132371,5995,180.531,329.0908843,68.99818864,153.904,3.6525
256886630,9003,188.673,329.3850204,41.4495095,301.421,3.148
256783784,5587,126.424,329.4015648,36.32159259,95.1757,0.39625
162130054,6802,129.067,331.1176818,31.01877402,302.295,3.712
470127886,6664,265.108,331.1170527,81.56594012,276.105,1.5315
372264750,9218,636.132,331.307473,66.77526408,248.148,1.6655
326114850,6194,130.441,331.5696245,52.70193652,231.273,2.5675
328167090,5773,122,331.6634802,55.6862953,235.218,1.7195
334811204,7577,491.581,331.7017944,63.59906015,514.968,6.0355
328750515,7577,141.504,332.2870683,57.93894405,482.603,9.0575
329148988,3546,157,332.5630882,58.70618331,42.409,0.047
335483600,12590,139,332.6136408,63.55056173,893.093,285.67
329277372,,,332.6303594,57.28232817,74.2281,7.3284
329145325,7274,508.928,332.7126916,59.65059333,351.079,3.241
353038705,,,333.1319386,31.36467779,,
430528566,6515,142.019,333.1712299,52.9009626,248.79,2.1445
329864959,,,333.244967,53.984528,324.346,
119700084,5427,141.322,333.2529679,37.62773879,115.417,1.1235
470159478,6542,,333.3114589,81.73971996,293,
430677414,8217,270.754,333.6697758,53.23961363,195.542,1.4165
343019899,5769,146.508,334.5036965,54.31899963,146.858,0.6835
336740528,6754,,334.7384336,61.14893307,315.04306,
199444169,4507,121.747,334.8832427,42.56026935,72.7512,0.1604
431148743,,,334.9813587,53.66250803,1610.79,205.365
395142888,8129,122,335.3008552,59.56082161,975.533,39.1355
164150537,5669,124.553,335.7419711,30.57322362,521.117,6.244
164150539,5772,123.216,335.7535293,30.57271005,244.043,3.7655
164173105,7164,169.486,335.825247,35.03500005,151.528,1.042
375850439,11265,684.094,336.2950557,67.97118426,809.88,24.473
197650870,8332,129.876,336.7050508,52.22785669,1026.12,56.009
414870287,3686,122,336.8726981,59.43380009,2509.86,350.175
120602501,5717,133.516,337.6864502,40.00396614,118.59,0.437
468845640,4706,120.532,337.8334878,53.79597144,102.931,1.5595
452803785,6109,156.124,338.4348955,52.63633515,209.69,1.336
64553698,6357,193.273,338.4525667,57.56351145,194.993,1.2205
64836837,9195,234.986,338.7965768,55.03104903,705.851,19.4175
128501004,5793,167.623,339.0337782,37.84079398,129.284,1.5525
428065977,6928,149.786,339.120292,52.11575889,289.116,4.3655
415741431,8326,230.842,339.1443953,58.27607296,852.233,25.219
249812036,8224,161.894,339.7855066,49.42657825,547.399,9.159
115771549,,,339.8159627,33.88948623,83.2324,
455962313,,,340.036593,65.439728,184.762,
376637093,6485,136.004,340.0844209,69.50373699,247.054,1.361
376682699,9218,397.909,340.3522063,69.07444823,544.233,7.681
431156009,6294,142.755,340.3954515,51.96521659,195.022,1.5465
376838000,10596,671.736,340.9095043,69.0919169,451.796,6.61
66445643,9623,151.826,341.3863133,48.16158474,648.398,19.9495
343442463,7976,178.945,341.5186122,55.16294319,239.688,2.551
377420580,,,341.9647583,60.17363467,89.156,
66783360,6483,147.889,341.9707819,49.91806991,252.396,3.0125
377144784,5017,122,342.4431258,68.25105686,396.201,4.0995
67309890,6190,135.264,343.1563751,48.55008471,368.134,5.24
371673488,8911,721.175,343.2331796,59.85096046,405.174,4.5835
389182138,5256,125.841,343.6357525,54.16177132,115.746,0.4265
427320001,7184,121.907,343.8538455,70.29728399,86.1058,0.19105
129539786,6550,167.119,343.9539247,39.64523874,195.858,1.1855
252490659,6503,168.023,344.3597897,53.14088957,366.242,4.5155
346338552,6051.18,106.535,344.4451846,38.67509872,158.979,0.971
346418409,4993,127.12,344.6100927,39.65887602,112.383,0.459
418959198,4528.99,104.619,344.9072479,36.51764328,86.8203,0.2944
155001079,9431,214.831,345.1554381,46.0325514,594.987,15.9325
155005217,9139,167.749,345.2438354,42.54931756,516.299,21.2785
434718964,,,345.4880663,64.06733664,,
155114483,8728,161.561,345.7483838,44.56488734,275.493,2.3225
252616865,6720,174.096,345.9946574,52.56264795,318.277,2.953
455791689,,,346.3474147,46.90312834,454.3057,119.268
2041563029,,,346.5174592,43.89879493,72.6157,7.92175
252636888,5855,146.385,346.5184006,52.78709038,530.347,8.8575
314835525,6054.72,144.954,346.9096694,56.69451457,571.487,9.0355
313506357,6254,136.648,347.7572623,45.93368961,178.003,0.896
283722336,4884.29,142.835,348.3207282,57.16835459,6.53127,0.003845
377739433,6524,188.427,348.5738265,65.95794631,500.543,7.8005
173612049,5999,169.796,348.5815702,44.50885091,165.589,1.0385
417705690,5420,119.484,348.6074566,76.93427624,130.543,0.5625
367607434,5119,122,348.8750086,46.5759884,161.65,0.792
427654774,3453,157,349.2873388,70.19002051,83.8106,0.3077
422656370,5778,186.227,349.6717574,68.2992142,367.355,3.4215
318746829,3068,122,349.7186368,56.00861269,2537.64,506.585
317397615,5182,122,349.7964196,75.01794428,423.272,4.72
319068154,9500,,350.1088666,55.5241238,581.487,
269238073,6153,155.505,350.2324762,62.16114393,196.55,1.0125
428988981,5452,126.524,350.2513988,79.44144787,105.806,0.2765
269509393,6221,156.426,350.3733714,60.17558739,275.906,2.0795
174041208,5366,157.99,351.0175868,43.37687072,114.046,1.063
317507345,7403,179.391,351.1744651,77.6271016,260.494,2.111
125442121,7128,132.115,351.5797035,38.55297509,460.951,7.9325
270238522,7521,180.212,351.6484601,64.30472169,242.006,1.9745
317597583,5427,117.871,352.0167664,75.55275492,66.0929,0.12895
174302697,6750,178.876,352.1782481,47.34951982,169.851,0.914
427761355,9918,1388.77,352.2676029,67.03482718,225.888,1.678
427730490,5019,166.044,352.2741211,71.50636448,144.717,0.492
333473672,5914,125.339,354.2412066,39.63941313,155.141,0.66
367858035,5169,121.543,354.7430201,75.68512336,96.6215,0.34215
176899385,6893.36,147.538,354.7742089,42.46597319,275.358,3.5905
176860064,,,354.8366797,45.71989671,41.2482,
345143460,5053,119.873,355.2465623,57.48539004,100.051,0.2983
272049972,6728,,355.4166462,62.9215158,294.851,
409520860,6104,121.294,355.4518935,37.18663539,241.296,2.4755
272625214,6651,139.872,356.318427,62.14269621,304.76,3.193
272828463,7856,606.108,356.5887565,60.48703642,431.14,4.9715
366074069,6146,188.915,356.7706571,69.04957072,317.752,2.623
177244357,6034,121.719,356.9957578,47.65568628,160.251,0.6395
431514478,10012,185.641,357.001182,49.79053481,294.237,3.405
470709084,6370,122,357.3681049,61.68276026,337.288,3.4055
431585347,9238,145.094,357.6740882,50.35498625,605.832,14.031
378291076,6594,142.303,358.2135252,61.36032194,207.505,1.044
378355116,8124,221,358.2483997,60.48166422,,
470852531,6587,163.934,359.7408318,61.55414642,269.476,2.3625
265460043,6258,129.51,359.8527254,68.38410822,179.828,1.266